2026-01-13 15:16:08.540 [main] INFO  lab5.Application - Starting Application using Java 25 with PID 21320 (C:\Users\tolma\IdeaProjects\labsoop\lab6\target\classes started by tolma in C:\Users\tolma\IdeaProjects\labsoop\lab6)
2026-01-13 15:16:08.541 [main] DEBUG lab5.Application - Running with Spring Boot v3.3.5, Spring v6.1.14
2026-01-13 15:16:08.542 [main] INFO  lab5.Application - No active profile set, falling back to 1 default profile: "default"
2026-01-13 15:16:09.613 [main] INFO  o.s.d.r.c.RepositoryConfigurationDelegate - Bootstrapping Spring Data JPA repositories in DEFAULT mode.
2026-01-13 15:16:09.731 [main] INFO  o.s.d.r.c.RepositoryConfigurationDelegate - Finished Spring Data repository scanning in 109 ms. Found 5 JPA repository interfaces.
2026-01-13 15:16:10.704 [main] INFO  o.s.b.w.e.tomcat.TomcatWebServer - Tomcat initialized with port 8080 (http)
2026-01-13 15:16:10.733 [main] INFO  o.a.coyote.http11.Http11NioProtocol - Initializing ProtocolHandler ["http-nio-8080"]
2026-01-13 15:16:10.740 [main] INFO  o.a.catalina.core.StandardService - Starting service [Tomcat]
2026-01-13 15:16:10.741 [main] INFO  o.a.catalina.core.StandardEngine - Starting Servlet engine: [Apache Tomcat/10.1.31]
2026-01-13 15:16:10.866 [main] INFO  o.a.c.c.C.[Tomcat].[localhost].[/] - Initializing Spring embedded WebApplicationContext
2026-01-13 15:16:10.868 [main] INFO  o.s.b.w.s.c.ServletWebServerApplicationContext - Root WebApplicationContext: initialization completed in 2259 ms
2026-01-13 15:16:11.180 [main] INFO  o.h.jpa.internal.util.LogHelper - HHH000204: Processing PersistenceUnitInfo [name: default]
2026-01-13 15:16:11.306 [main] INFO  org.hibernate.Version - HHH000412: Hibernate ORM core version 6.5.3.Final
2026-01-13 15:16:11.378 [main] INFO  o.h.c.i.RegionFactoryInitiator - HHH000026: Second-level cache disabled
2026-01-13 15:16:12.011 [main] INFO  o.s.o.j.p.SpringPersistenceUnitInfo - No LoadTimeWeaver setup: ignoring JPA class transformer
2026-01-13 15:16:12.067 [main] INFO  com.zaxxer.hikari.HikariDataSource - HikariPool-1 - Starting...
2026-01-13 15:16:12.440 [main] INFO  com.zaxxer.hikari.pool.HikariPool - HikariPool-1 - Added connection org.postgresql.jdbc.PgConnection@4c65d8e3
2026-01-13 15:16:12.443 [main] INFO  com.zaxxer.hikari.HikariDataSource - HikariPool-1 - Start completed.
2026-01-13 15:16:12.527 [main] WARN  org.hibernate.orm.deprecation - HHH90000025: PostgreSQLDialect does not need to be specified explicitly using 'hibernate.dialect' (remove the property setting and it will be selected by default)
2026-01-13 15:16:14.396 [main] INFO  o.h.e.t.j.p.i.JtaPlatformInitiator - HHH000489: No JTA platform available (set 'hibernate.transaction.jta.platform' to enable JTA platform integration)
2026-01-13 15:16:14.425 [main] DEBUG org.hibernate.SQL - 
    alter table if exists computation_cache 
       drop constraint if exists FKkg50m7xkbycubsc5u3lks7ido
2026-01-13 15:16:14.433 [main] WARN  o.h.e.jdbc.spi.SqlExceptionHelper - SQL Warning Code: 0, SQLState: 00000
2026-01-13 15:16:14.434 [main] WARN  o.h.e.jdbc.spi.SqlExceptionHelper - relation "computation_cache" does not exist, skipping
2026-01-13 15:16:14.434 [main] DEBUG org.hibernate.SQL - 
    alter table if exists computation_cache 
       drop constraint if exists FK3cvhinosghqhqq2cbqn8q60k
2026-01-13 15:16:14.435 [main] WARN  o.h.e.jdbc.spi.SqlExceptionHelper - SQL Warning Code: 0, SQLState: 00000
2026-01-13 15:16:14.435 [main] WARN  o.h.e.jdbc.spi.SqlExceptionHelper - relation "computation_cache" does not exist, skipping
2026-01-13 15:16:14.436 [main] DEBUG org.hibernate.SQL - 
    alter table if exists functions 
       drop constraint if exists FK5dwdmss73y84j8fqr3h3tlfe1
2026-01-13 15:16:14.436 [main] WARN  o.h.e.jdbc.spi.SqlExceptionHelper - SQL Warning Code: 0, SQLState: 00000
2026-01-13 15:16:14.436 [main] WARN  o.h.e.jdbc.spi.SqlExceptionHelper - relation "functions" does not exist, skipping
2026-01-13 15:16:14.437 [main] DEBUG org.hibernate.SQL - 
    alter table if exists operations 
       drop constraint if exists FKrr7vjg5kpqdd6ld8en3rmowyt
2026-01-13 15:16:14.437 [main] WARN  o.h.e.jdbc.spi.SqlExceptionHelper - SQL Warning Code: 0, SQLState: 00000
2026-01-13 15:16:14.438 [main] WARN  o.h.e.jdbc.spi.SqlExceptionHelper - relation "operations" does not exist, skipping
2026-01-13 15:16:14.438 [main] DEBUG org.hibernate.SQL - 
    alter table if exists operations 
       drop constraint if exists FK63e8gc6bcpn78exxxobgwlo0k
2026-01-13 15:16:14.439 [main] WARN  o.h.e.jdbc.spi.SqlExceptionHelper - SQL Warning Code: 0, SQLState: 00000
2026-01-13 15:16:14.439 [main] WARN  o.h.e.jdbc.spi.SqlExceptionHelper - relation "operations" does not exist, skipping
2026-01-13 15:16:14.439 [main] DEBUG org.hibernate.SQL - 
    alter table if exists operations 
       drop constraint if exists FKlceud4kqxg0t5b3g05rukw00d
2026-01-13 15:16:14.440 [main] WARN  o.h.e.jdbc.spi.SqlExceptionHelper - SQL Warning Code: 0, SQLState: 00000
2026-01-13 15:16:14.440 [main] WARN  o.h.e.jdbc.spi.SqlExceptionHelper - relation "operations" does not exist, skipping
2026-01-13 15:16:14.440 [main] DEBUG org.hibernate.SQL - 
    alter table if exists operations 
       drop constraint if exists FK6s2v80e9ppot2sb1bba5w6fx3
2026-01-13 15:16:14.441 [main] WARN  o.h.e.jdbc.spi.SqlExceptionHelper - SQL Warning Code: 0, SQLState: 00000
2026-01-13 15:16:14.441 [main] WARN  o.h.e.jdbc.spi.SqlExceptionHelper - relation "operations" does not exist, skipping
2026-01-13 15:16:14.441 [main] DEBUG org.hibernate.SQL - 
    alter table if exists users 
       drop constraint if exists FKp56c1712k691lhsyewcssf40f
2026-01-13 15:16:14.442 [main] WARN  o.h.e.jdbc.spi.SqlExceptionHelper - SQL Warning Code: 0, SQLState: 00000
2026-01-13 15:16:14.442 [main] WARN  o.h.e.jdbc.spi.SqlExceptionHelper - relation "users" does not exist, skipping
2026-01-13 15:16:14.442 [main] DEBUG org.hibernate.SQL - 
    drop table if exists computation_cache cascade
2026-01-13 15:16:14.444 [main] WARN  o.h.e.jdbc.spi.SqlExceptionHelper - SQL Warning Code: 0, SQLState: 00000
2026-01-13 15:16:14.444 [main] WARN  o.h.e.jdbc.spi.SqlExceptionHelper - table "computation_cache" does not exist, skipping
2026-01-13 15:16:14.445 [main] DEBUG org.hibernate.SQL - 
    drop table if exists functions cascade
2026-01-13 15:16:14.445 [main] WARN  o.h.e.jdbc.spi.SqlExceptionHelper - SQL Warning Code: 0, SQLState: 00000
2026-01-13 15:16:14.445 [main] WARN  o.h.e.jdbc.spi.SqlExceptionHelper - table "functions" does not exist, skipping
2026-01-13 15:16:14.445 [main] DEBUG org.hibernate.SQL - 
    drop table if exists operations cascade
2026-01-13 15:16:14.446 [main] WARN  o.h.e.jdbc.spi.SqlExceptionHelper - SQL Warning Code: 0, SQLState: 00000
2026-01-13 15:16:14.446 [main] WARN  o.h.e.jdbc.spi.SqlExceptionHelper - table "operations" does not exist, skipping
2026-01-13 15:16:14.446 [main] DEBUG org.hibernate.SQL - 
    drop table if exists roles cascade
2026-01-13 15:16:14.447 [main] WARN  o.h.e.jdbc.spi.SqlExceptionHelper - SQL Warning Code: 0, SQLState: 00000
2026-01-13 15:16:14.447 [main] WARN  o.h.e.jdbc.spi.SqlExceptionHelper - table "roles" does not exist, skipping
2026-01-13 15:16:14.447 [main] DEBUG org.hibernate.SQL - 
    drop table if exists users cascade
2026-01-13 15:16:14.448 [main] WARN  o.h.e.jdbc.spi.SqlExceptionHelper - SQL Warning Code: 0, SQLState: 00000
2026-01-13 15:16:14.448 [main] WARN  o.h.e.jdbc.spi.SqlExceptionHelper - table "users" does not exist, skipping
2026-01-13 15:16:14.459 [main] DEBUG org.hibernate.SQL - 
    create table computation_cache (
        access_count integer not null,
        left_bound float(53) not null,
        points_count integer not null,
        right_bound float(53) not null,
        computed_at timestamp(6) not null,
        id bigint generated by default as identity,
        result_function_id bigint not null,
        updated_at timestamp(6) not null,
        user_id bigint not null,
        cache_key varchar(512) not null unique,
        function_expression TEXT not null,
        points_data TEXT,
        primary key (id)
    )
2026-01-13 15:16:14.492 [main] DEBUG org.hibernate.SQL - 
    create table functions (
        left_bound float(53),
        points_count integer,
        right_bound float(53),
        created_at timestamp(6) not null,
        id bigint generated by default as identity,
        updated_at timestamp(6) not null,
        user_id bigint not null,
        type varchar(20) not null,
        name varchar(100) not null,
        expression TEXT,
        points_data TEXT not null,
        primary key (id)
    )
2026-01-13 15:16:14.501 [main] DEBUG org.hibernate.SQL - 
    create table operations (
        computed_at timestamp(6) not null,
        function1_id bigint not null,
        function2_id bigint,
        id bigint generated by default as identity,
        result_function_id bigint not null,
        updated_at timestamp(6) not null,
        user_id bigint not null,
        operation_type varchar(20) not null,
        parameters text,
        primary key (id)
    )
2026-01-13 15:16:14.509 [main] DEBUG org.hibernate.SQL - 
    create table roles (
        id bigint generated by default as identity,
        name varchar(255) not null unique,
        primary key (id)
    )
2026-01-13 15:16:14.516 [main] DEBUG org.hibernate.SQL - 
    create table users (
        created_at timestamp(6) not null,
        id bigint generated by default as identity,
        role_id bigint not null,
        updated_at timestamp(6) not null,
        email varchar(255) not null,
        password_hash varchar(255) not null,
        username varchar(255) not null unique,
        primary key (id)
    )
2026-01-13 15:16:14.523 [main] DEBUG org.hibernate.SQL - 
    alter table if exists computation_cache 
       add constraint FKkg50m7xkbycubsc5u3lks7ido 
       foreign key (result_function_id) 
       references functions
2026-01-13 15:16:14.533 [main] DEBUG org.hibernate.SQL - 
    alter table if exists computation_cache 
       add constraint FK3cvhinosghqhqq2cbqn8q60k 
       foreign key (user_id) 
       references users
2026-01-13 15:16:14.537 [main] DEBUG org.hibernate.SQL - 
    alter table if exists functions 
       add constraint FK5dwdmss73y84j8fqr3h3tlfe1 
       foreign key (user_id) 
       references users
2026-01-13 15:16:14.542 [main] DEBUG org.hibernate.SQL - 
    alter table if exists operations 
       add constraint FKrr7vjg5kpqdd6ld8en3rmowyt 
       foreign key (function1_id) 
       references functions
2026-01-13 15:16:14.545 [main] DEBUG org.hibernate.SQL - 
    alter table if exists operations 
       add constraint FK63e8gc6bcpn78exxxobgwlo0k 
       foreign key (function2_id) 
       references functions
2026-01-13 15:16:14.547 [main] DEBUG org.hibernate.SQL - 
    alter table if exists operations 
       add constraint FKlceud4kqxg0t5b3g05rukw00d 
       foreign key (result_function_id) 
       references functions
2026-01-13 15:16:14.550 [main] DEBUG org.hibernate.SQL - 
    alter table if exists operations 
       add constraint FK6s2v80e9ppot2sb1bba5w6fx3 
       foreign key (user_id) 
       references users
2026-01-13 15:16:14.552 [main] DEBUG org.hibernate.SQL - 
    alter table if exists users 
       add constraint FKp56c1712k691lhsyewcssf40f 
       foreign key (role_id) 
       references roles
2026-01-13 15:16:14.564 [main] INFO  o.s.o.j.LocalContainerEntityManagerFactoryBean - Initialized JPA EntityManagerFactory for persistence unit 'default'
2026-01-13 15:16:15.211 [main] INFO  o.s.d.j.r.query.QueryEnhancerFactory - Hibernate is in classpath; If applicable, HQL parser will be used.
2026-01-13 15:16:16.140 [main] WARN  o.s.b.a.o.j.JpaBaseConfiguration$JpaWebConfiguration - spring.jpa.open-in-view is enabled by default. Therefore, database queries may be performed during view rendering. Explicitly configure spring.jpa.open-in-view to disable this warning
2026-01-13 15:16:16.179 [main] INFO  o.s.s.c.a.a.c.InitializeUserDetailsBeanManagerConfigurer$InitializeUserDetailsManagerConfigurer - Global AuthenticationManager configured with UserDetailsService bean with name customUserDetailsService
2026-01-13 15:16:16.513 [main] DEBUG o.s.w.s.m.m.a.RequestMappingHandlerMapping - 32 mappings in 'requestMappingHandlerMapping'
2026-01-13 15:16:16.650 [main] DEBUG o.s.w.s.h.SimpleUrlHandlerMapping - Patterns [/webjars/**, /**] in 'resourceHandlerMapping'
2026-01-13 15:16:16.739 [main] DEBUG o.s.s.web.DefaultSecurityFilterChain - Will secure any request with filters: DisableEncodeUrlFilter, WebAsyncManagerIntegrationFilter, SecurityContextHolderFilter, HeaderWriterFilter, LogoutFilter, BasicAuthenticationFilter, RequestCacheAwareFilter, SecurityContextHolderAwareRequestFilter, AnonymousAuthenticationFilter, SessionManagementFilter, ExceptionTranslationFilter, AuthorizationFilter
2026-01-13 15:16:16.858 [main] DEBUG o.s.w.s.m.m.a.RequestMappingHandlerAdapter - ControllerAdvice beans: 0 @ModelAttribute, 0 @InitBinder, 1 RequestBodyAdvice, 1 ResponseBodyAdvice
2026-01-13 15:16:16.911 [main] DEBUG o.s.w.s.m.m.a.ExceptionHandlerExceptionResolver - ControllerAdvice beans: 1 @ExceptionHandler, 1 ResponseBodyAdvice
2026-01-13 15:16:17.053 [main] INFO  o.a.coyote.http11.Http11NioProtocol - Starting ProtocolHandler ["http-nio-8080"]
2026-01-13 15:16:17.080 [main] INFO  o.s.b.w.e.tomcat.TomcatWebServer - Tomcat started on port 8080 (http) with context path '/'
2026-01-13 15:16:17.091 [main] INFO  lab5.Application - Started Application in 9.092 seconds (process running for 10.049)
2026-01-13 15:16:17.104 [main] INFO  lab5.config.DataInitializer - Инициализация начальных данных
2026-01-13 15:16:17.221 [main] DEBUG org.hibernate.SQL - 
    select
        re1_0.id,
        re1_0.name 
    from
        roles re1_0 
    where
        re1_0.name=?
2026-01-13 15:16:17.239 [main] INFO  lab5.config.DataInitializer - Создана роль: ADMIN
2026-01-13 15:16:17.269 [main] DEBUG org.hibernate.SQL - 
    insert 
    into
        roles
        (name) 
    values
        (?) 
    returning id
2026-01-13 15:16:17.315 [main] DEBUG org.hibernate.SQL - 
    select
        re1_0.id,
        re1_0.name 
    from
        roles re1_0 
    where
        re1_0.name=?
2026-01-13 15:16:17.318 [main] INFO  lab5.config.DataInitializer - Создана роль: USER
2026-01-13 15:16:17.319 [main] DEBUG org.hibernate.SQL - 
    insert 
    into
        roles
        (name) 
    values
        (?) 
    returning id
2026-01-13 15:16:17.343 [main] DEBUG org.hibernate.SQL - 
    select
        ue1_0.id,
        ue1_0.created_at,
        ue1_0.email,
        ue1_0.password_hash,
        ue1_0.role_id,
        r1_0.id,
        r1_0.name,
        ue1_0.updated_at,
        ue1_0.username 
    from
        users ue1_0 
    join
        roles r1_0 
            on r1_0.id=ue1_0.role_id 
    where
        ue1_0.username=?
2026-01-13 15:16:17.439 [main] DEBUG org.hibernate.SQL - 
    insert 
    into
        users
        (created_at, email, password_hash, role_id, updated_at, username) 
    values
        (?, ?, ?, ?, ?, ?) 
    returning id
2026-01-13 15:16:17.445 [main] INFO  lab5.config.DataInitializer - Создан пользователь admin с паролем admin123, роль ADMIN
2026-01-13 15:16:17.449 [main] DEBUG org.hibernate.SQL - 
    select
        ue1_0.id,
        ue1_0.created_at,
        ue1_0.email,
        ue1_0.password_hash,
        ue1_0.role_id,
        r1_0.id,
        r1_0.name,
        ue1_0.updated_at,
        ue1_0.username 
    from
        users ue1_0 
    join
        roles r1_0 
            on r1_0.id=ue1_0.role_id 
    where
        ue1_0.username=?
2026-01-13 15:16:17.536 [main] DEBUG org.hibernate.SQL - 
    insert 
    into
        users
        (created_at, email, password_hash, role_id, updated_at, username) 
    values
        (?, ?, ?, ?, ?, ?) 
    returning id
2026-01-13 15:16:17.540 [main] INFO  lab5.config.DataInitializer - Создан пользователь user1 с паролем mypassword123, роль ADMIN
2026-01-13 15:16:17.543 [main] DEBUG org.hibernate.SQL - 
    select
        ue1_0.id,
        ue1_0.created_at,
        ue1_0.email,
        ue1_0.password_hash,
        ue1_0.role_id,
        r1_0.id,
        r1_0.name,
        ue1_0.updated_at,
        ue1_0.username 
    from
        users ue1_0 
    join
        roles r1_0 
            on r1_0.id=ue1_0.role_id 
    where
        ue1_0.username=?
2026-01-13 15:16:17.549 [main] DEBUG org.hibernate.SQL - 
    select
        ue1_0.id,
        ue1_0.created_at,
        ue1_0.email,
        ue1_0.password_hash,
        ue1_0.role_id,
        r1_0.id,
        r1_0.name,
        ue1_0.updated_at,
        ue1_0.username 
    from
        users ue1_0 
    join
        roles r1_0 
            on r1_0.id=ue1_0.role_id 
    where
        ue1_0.email=?
2026-01-13 15:16:17.638 [main] DEBUG org.hibernate.SQL - 
    insert 
    into
        users
        (created_at, email, password_hash, role_id, updated_at, username) 
    values
        (?, ?, ?, ?, ?, ?) 
    returning id
2026-01-13 15:16:17.640 [main] INFO  lab5.config.DataInitializer - Создан тестовый пользователь для тестов с username='testuser40', email='testuser40@example.com'
2026-01-13 15:16:17.650 [main] INFO  lab5.config.DataInitializer - Пользователь с ID=1 уже существует: admin (роль: ADMIN).
2026-01-13 15:16:17.656 [main] DEBUG org.hibernate.SQL - 
    select
        ue1_0.id,
        ue1_0.created_at,
        ue1_0.email,
        ue1_0.password_hash,
        ue1_0.role_id,
        r1_0.id,
        r1_0.name,
        ue1_0.updated_at,
        ue1_0.username 
    from
        users ue1_0 
    join
        roles r1_0 
            on r1_0.id=ue1_0.role_id 
    where
        ue1_0.id=?
2026-01-13 15:16:17.761 [main] DEBUG org.hibernate.SQL - 
    select
        ue1_0.id,
        ue1_0.created_at,
        ue1_0.email,
        ue1_0.password_hash,
        ue1_0.role_id,
        r1_0.id,
        r1_0.name,
        ue1_0.updated_at,
        ue1_0.username 
    from
        users ue1_0 
    join
        roles r1_0 
            on r1_0.id=ue1_0.role_id 
    where
        ue1_0.id=?
2026-01-13 15:16:17.766 [main] DEBUG org.hibernate.SQL - 
    insert 
    into
        users
        (created_at, email, password_hash, role_id, updated_at, username) 
    values
        (?, ?, ?, ?, ?, ?) 
    returning id
2026-01-13 15:16:17.772 [main] INFO  lab5.config.DataInitializer - Создан пользователь с ID=999, username='user_with_id_999', email='user_with_id_999@example.com', роль USER.
2026-01-13 15:16:17.777 [main] DEBUG org.hibernate.SQL - 
    select
        ue1_0.id,
        ue1_0.created_at,
        ue1_0.email,
        ue1_0.password_hash,
        ue1_0.role_id,
        r1_0.id,
        r1_0.name,
        ue1_0.updated_at,
        ue1_0.username 
    from
        users ue1_0 
    join
        roles r1_0 
            on r1_0.id=ue1_0.role_id 
    where
        ue1_0.username=?
2026-01-13 15:16:17.788 [main] DEBUG org.hibernate.SQL - 
    select
        fe1_0.id,
        fe1_0.created_at,
        fe1_0.expression,
        fe1_0.left_bound,
        fe1_0.name,
        fe1_0.points_count,
        fe1_0.points_data,
        fe1_0.right_bound,
        fe1_0.type,
        fe1_0.updated_at,
        fe1_0.user_id 
    from
        functions fe1_0 
    where
        fe1_0.name=? 
        and fe1_0.user_id=?
2026-01-13 15:16:17.793 [main] DEBUG org.hibernate.SQL - 
    insert 
    into
        functions
        (created_at, expression, left_bound, name, points_count, points_data, right_bound, type, updated_at, user_id) 
    values
        (?, ?, ?, ?, ?, ?, ?, ?, ?, ?) 
    returning id
2026-01-13 15:16:17.797 [main] INFO  lab5.config.DataInitializer - Создана функция: initial_func для пользователя ID=2
2026-01-13 15:16:17.797 [main] INFO  lab5.config.DataInitializer - Инициализация данных завершена
2026-01-13 15:16:47.364 [http-nio-8080-exec-1] INFO  o.a.c.c.C.[Tomcat].[localhost].[/] - Initializing Spring DispatcherServlet 'dispatcherServlet'
2026-01-13 15:16:47.365 [http-nio-8080-exec-1] INFO  o.s.web.servlet.DispatcherServlet - Initializing Servlet 'dispatcherServlet'
2026-01-13 15:16:47.366 [http-nio-8080-exec-1] DEBUG o.s.web.servlet.DispatcherServlet - Detected StandardServletMultipartResolver
2026-01-13 15:16:47.366 [http-nio-8080-exec-1] DEBUG o.s.web.servlet.DispatcherServlet - Detected AcceptHeaderLocaleResolver
2026-01-13 15:16:47.366 [http-nio-8080-exec-1] DEBUG o.s.web.servlet.DispatcherServlet - Detected FixedThemeResolver
2026-01-13 15:16:47.367 [http-nio-8080-exec-1] DEBUG o.s.web.servlet.DispatcherServlet - Detected org.springframework.web.servlet.view.DefaultRequestToViewNameTranslator@71f9f8ba
2026-01-13 15:16:47.368 [http-nio-8080-exec-1] DEBUG o.s.web.servlet.DispatcherServlet - Detected org.springframework.web.servlet.support.SessionFlashMapManager@7da4c956
2026-01-13 15:16:47.369 [http-nio-8080-exec-1] DEBUG o.s.web.servlet.DispatcherServlet - enableLoggingRequestDetails='false': request parameters and headers will be masked to prevent unsafe logging of potentially sensitive data
2026-01-13 15:16:47.369 [http-nio-8080-exec-1] INFO  o.s.web.servlet.DispatcherServlet - Completed initialization in 4 ms
2026-01-13 15:16:47.405 [http-nio-8080-exec-1] DEBUG o.s.security.web.FilterChainProxy - Securing POST /api/users
2026-01-13 15:16:47.505 [http-nio-8080-exec-1] INFO  lab5.service.UserService - Поиск пользователя по имени: user1
2026-01-13 15:16:47.510 [http-nio-8080-exec-1] DEBUG org.hibernate.SQL - 
    select
        ue1_0.id,
        ue1_0.created_at,
        ue1_0.email,
        ue1_0.password_hash,
        ue1_0.role_id,
        r1_0.id,
        r1_0.name,
        ue1_0.updated_at,
        ue1_0.username 
    from
        users ue1_0 
    join
        roles r1_0 
            on r1_0.id=ue1_0.role_id 
    where
        ue1_0.username=?
2026-01-13 15:16:47.516 [http-nio-8080-exec-1] DEBUG lab5.service.UserService - Найден пользователь по имени: ID=2, Username=user1
2026-01-13 15:16:47.614 [http-nio-8080-exec-1] DEBUG o.s.s.a.d.DaoAuthenticationProvider - Authenticated user
2026-01-13 15:16:47.616 [http-nio-8080-exec-1] DEBUG o.s.s.w.a.w.BasicAuthenticationFilter - Set SecurityContextHolder to UsernamePasswordAuthenticationToken [Principal=org.springframework.security.core.userdetails.User [Username=user1, Password=[PROTECTED], Enabled=true, AccountNonExpired=true, CredentialsNonExpired=true, AccountNonLocked=true, Granted Authorities=[ROLE_ADMIN]], Credentials=[PROTECTED], Authenticated=true, Details=WebAuthenticationDetails [RemoteIpAddress=0:0:0:0:0:0:0:1, SessionId=null], Granted Authorities=[ROLE_ADMIN]]
2026-01-13 15:16:47.620 [http-nio-8080-exec-1] DEBUG o.s.security.web.FilterChainProxy - Secured POST /api/users
2026-01-13 15:16:47.624 [http-nio-8080-exec-1] DEBUG o.s.web.servlet.DispatcherServlet - POST "/api/users", parameters={}
2026-01-13 15:16:47.629 [http-nio-8080-exec-1] DEBUG o.s.w.s.m.m.a.RequestMappingHandlerMapping - Mapped to lab5.controller.UserController#createUser(UserDTO)
2026-01-13 15:16:47.794 [http-nio-8080-exec-1] DEBUG o.s.w.s.m.m.a.RequestResponseBodyMethodProcessor - Read "application/json;charset=UTF-8" to [lab5.dto.UserDTO@1b1a80ef]
2026-01-13 15:16:47.820 [http-nio-8080-exec-1] INFO  lab5.controller.UserController - Получен запрос на создание пользователя: test_user_1768281757087
2026-01-13 15:16:47.822 [http-nio-8080-exec-1] INFO  lab5.service.UserService - Создание пользователя с дефолтной ролью USER: test_user_1768281757087
2026-01-13 15:16:47.828 [http-nio-8080-exec-1] DEBUG org.hibernate.SQL - 
    select
        ue1_0.id,
        ue1_0.created_at,
        ue1_0.email,
        ue1_0.password_hash,
        ue1_0.role_id,
        r1_0.id,
        r1_0.name,
        ue1_0.updated_at,
        ue1_0.username 
    from
        users ue1_0 
    join
        roles r1_0 
            on r1_0.id=ue1_0.role_id 
    where
        ue1_0.username=?
2026-01-13 15:16:47.834 [http-nio-8080-exec-1] DEBUG org.hibernate.SQL - 
    select
        ue1_0.id,
        ue1_0.created_at,
        ue1_0.email,
        ue1_0.password_hash,
        ue1_0.role_id,
        r1_0.id,
        r1_0.name,
        ue1_0.updated_at,
        ue1_0.username 
    from
        users ue1_0 
    join
        roles r1_0 
            on r1_0.id=ue1_0.role_id 
    where
        ue1_0.email=?
2026-01-13 15:16:47.838 [http-nio-8080-exec-1] DEBUG org.hibernate.SQL - 
    select
        re1_0.id,
        re1_0.name 
    from
        roles re1_0 
    where
        re1_0.id=?
2026-01-13 15:16:47.953 [http-nio-8080-exec-1] DEBUG org.hibernate.SQL - 
    insert 
    into
        users
        (created_at, email, password_hash, role_id, updated_at, username) 
    values
        (?, ?, ?, ?, ?, ?) 
    returning id
2026-01-13 15:16:47.956 [http-nio-8080-exec-1] INFO  lab5.service.UserService - Пользователь создан с ID: 5, роль: USER
2026-01-13 15:16:47.958 [http-nio-8080-exec-1] INFO  lab5.controller.UserController - Пользователь создан с ID: 5, роль: USER
2026-01-13 15:16:47.988 [http-nio-8080-exec-1] DEBUG o.s.w.s.m.m.a.HttpEntityMethodProcessor - Using 'application/json', given [*/*] and supported [application/json, application/*+json]
2026-01-13 15:16:47.989 [http-nio-8080-exec-1] DEBUG o.s.w.s.m.m.a.HttpEntityMethodProcessor - Writing [lab5.dto.UserDTO@213c6633]
2026-01-13 15:16:48.008 [http-nio-8080-exec-1] DEBUG o.s.web.servlet.DispatcherServlet - Completed 201 CREATED
2026-01-13 15:16:48.120 [http-nio-8080-exec-2] DEBUG o.s.security.web.FilterChainProxy - Securing GET /api/users/5
2026-01-13 15:16:48.121 [http-nio-8080-exec-2] INFO  lab5.service.UserService - Поиск пользователя по имени: user1
2026-01-13 15:16:48.124 [http-nio-8080-exec-2] DEBUG org.hibernate.SQL - 
    select
        ue1_0.id,
        ue1_0.created_at,
        ue1_0.email,
        ue1_0.password_hash,
        ue1_0.role_id,
        r1_0.id,
        r1_0.name,
        ue1_0.updated_at,
        ue1_0.username 
    from
        users ue1_0 
    join
        roles r1_0 
            on r1_0.id=ue1_0.role_id 
    where
        ue1_0.username=?
2026-01-13 15:16:48.127 [http-nio-8080-exec-2] DEBUG lab5.service.UserService - Найден пользователь по имени: ID=2, Username=user1
2026-01-13 15:16:48.206 [http-nio-8080-exec-2] DEBUG o.s.s.a.d.DaoAuthenticationProvider - Authenticated user
2026-01-13 15:16:48.207 [http-nio-8080-exec-2] DEBUG o.s.s.w.a.w.BasicAuthenticationFilter - Set SecurityContextHolder to UsernamePasswordAuthenticationToken [Principal=org.springframework.security.core.userdetails.User [Username=user1, Password=[PROTECTED], Enabled=true, AccountNonExpired=true, CredentialsNonExpired=true, AccountNonLocked=true, Granted Authorities=[ROLE_ADMIN]], Credentials=[PROTECTED], Authenticated=true, Details=WebAuthenticationDetails [RemoteIpAddress=0:0:0:0:0:0:0:1, SessionId=null], Granted Authorities=[ROLE_ADMIN]]
2026-01-13 15:16:48.207 [http-nio-8080-exec-2] DEBUG o.s.security.web.FilterChainProxy - Secured GET /api/users/5
2026-01-13 15:16:48.208 [http-nio-8080-exec-2] DEBUG o.s.web.servlet.DispatcherServlet - GET "/api/users/5", parameters={}
2026-01-13 15:16:48.209 [http-nio-8080-exec-2] DEBUG o.s.w.s.m.m.a.RequestMappingHandlerMapping - Mapped to lab5.controller.UserController#getUserById(Long, Authentication)
2026-01-13 15:16:48.213 [http-nio-8080-exec-2] DEBUG o.s.s.a.m.AuthorizationManagerBeforeMethodInterceptor - Authorizing method invocation ReflectiveMethodInvocation: public org.springframework.http.ResponseEntity lab5.controller.UserController.getUserById(java.lang.Long,org.springframework.security.core.Authentication); target is of class [lab5.controller.UserController]
2026-01-13 15:16:48.249 [http-nio-8080-exec-2] DEBUG o.s.s.a.m.AuthorizationManagerBeforeMethodInterceptor - Authorized method invocation ReflectiveMethodInvocation: public org.springframework.http.ResponseEntity lab5.controller.UserController.getUserById(java.lang.Long,org.springframework.security.core.Authentication); target is of class [lab5.controller.UserController]
2026-01-13 15:16:48.250 [http-nio-8080-exec-2] INFO  lab5.controller.UserController - Получен запрос на получение пользователя по ID: 5
2026-01-13 15:16:48.250 [http-nio-8080-exec-2] INFO  lab5.service.UserService - Поиск пользователя по имени: user1
2026-01-13 15:16:48.254 [http-nio-8080-exec-2] DEBUG org.hibernate.SQL - 
    select
        ue1_0.id,
        ue1_0.created_at,
        ue1_0.email,
        ue1_0.password_hash,
        ue1_0.role_id,
        r1_0.id,
        r1_0.name,
        ue1_0.updated_at,
        ue1_0.username 
    from
        users ue1_0 
    join
        roles r1_0 
            on r1_0.id=ue1_0.role_id 
    where
        ue1_0.username=?
2026-01-13 15:16:48.257 [http-nio-8080-exec-2] DEBUG lab5.service.UserService - Найден пользователь по имени: ID=2, Username=user1
2026-01-13 15:16:48.257 [http-nio-8080-exec-2] INFO  lab5.service.UserService - Поиск пользователя по ID: 5
2026-01-13 15:16:48.258 [http-nio-8080-exec-2] DEBUG org.hibernate.SQL - 
    select
        ue1_0.id,
        ue1_0.created_at,
        ue1_0.email,
        ue1_0.password_hash,
        ue1_0.role_id,
        r1_0.id,
        r1_0.name,
        ue1_0.updated_at,
        ue1_0.username 
    from
        users ue1_0 
    join
        roles r1_0 
            on r1_0.id=ue1_0.role_id 
    where
        ue1_0.id=?
2026-01-13 15:16:48.263 [http-nio-8080-exec-2] DEBUG lab5.service.UserService - Найден пользователь: ID=5, Username=test_user_1768281757087
2026-01-13 15:16:48.263 [http-nio-8080-exec-2] DEBUG lab5.controller.UserController - Возвращён пользователь по ID: 5
2026-01-13 15:16:48.265 [http-nio-8080-exec-2] DEBUG o.s.w.s.m.m.a.HttpEntityMethodProcessor - Using 'application/json', given [*/*] and supported [application/json, application/*+json]
2026-01-13 15:16:48.265 [http-nio-8080-exec-2] DEBUG o.s.w.s.m.m.a.HttpEntityMethodProcessor - Writing [lab5.dto.UserDTO@7b2106fd]
2026-01-13 15:16:48.267 [http-nio-8080-exec-2] DEBUG o.s.web.servlet.DispatcherServlet - Completed 200 OK
2026-01-13 15:16:48.354 [http-nio-8080-exec-4] DEBUG o.s.security.web.FilterChainProxy - Securing GET /api/users?sortField=username&sortDirection=asc
2026-01-13 15:16:48.356 [http-nio-8080-exec-4] INFO  lab5.service.UserService - Поиск пользователя по имени: user1
2026-01-13 15:16:48.359 [http-nio-8080-exec-4] DEBUG org.hibernate.SQL - 
    select
        ue1_0.id,
        ue1_0.created_at,
        ue1_0.email,
        ue1_0.password_hash,
        ue1_0.role_id,
        r1_0.id,
        r1_0.name,
        ue1_0.updated_at,
        ue1_0.username 
    from
        users ue1_0 
    join
        roles r1_0 
            on r1_0.id=ue1_0.role_id 
    where
        ue1_0.username=?
2026-01-13 15:16:48.361 [http-nio-8080-exec-4] DEBUG lab5.service.UserService - Найден пользователь по имени: ID=2, Username=user1
2026-01-13 15:16:48.445 [http-nio-8080-exec-4] DEBUG o.s.s.a.d.DaoAuthenticationProvider - Authenticated user
2026-01-13 15:16:48.445 [http-nio-8080-exec-4] DEBUG o.s.s.w.a.w.BasicAuthenticationFilter - Set SecurityContextHolder to UsernamePasswordAuthenticationToken [Principal=org.springframework.security.core.userdetails.User [Username=user1, Password=[PROTECTED], Enabled=true, AccountNonExpired=true, CredentialsNonExpired=true, AccountNonLocked=true, Granted Authorities=[ROLE_ADMIN]], Credentials=[PROTECTED], Authenticated=true, Details=WebAuthenticationDetails [RemoteIpAddress=0:0:0:0:0:0:0:1, SessionId=null], Granted Authorities=[ROLE_ADMIN]]
2026-01-13 15:16:48.446 [http-nio-8080-exec-4] DEBUG o.s.security.web.FilterChainProxy - Secured GET /api/users?sortField=username&sortDirection=asc
2026-01-13 15:16:48.447 [http-nio-8080-exec-4] DEBUG o.s.web.servlet.DispatcherServlet - GET "/api/users?sortField=username&sortDirection=asc", parameters={masked}
2026-01-13 15:16:48.448 [http-nio-8080-exec-4] DEBUG o.s.w.s.m.m.a.RequestMappingHandlerMapping - Mapped to lab5.controller.UserController#getAllUsers(String, String)
2026-01-13 15:16:48.463 [http-nio-8080-exec-4] DEBUG o.s.s.a.m.AuthorizationManagerBeforeMethodInterceptor - Authorizing method invocation ReflectiveMethodInvocation: public org.springframework.http.ResponseEntity lab5.controller.UserController.getAllUsers(java.lang.String,java.lang.String); target is of class [lab5.controller.UserController]
2026-01-13 15:16:48.464 [http-nio-8080-exec-4] DEBUG o.s.s.a.m.AuthorizationManagerBeforeMethodInterceptor - Authorized method invocation ReflectiveMethodInvocation: public org.springframework.http.ResponseEntity lab5.controller.UserController.getAllUsers(java.lang.String,java.lang.String); target is of class [lab5.controller.UserController]
2026-01-13 15:16:48.465 [http-nio-8080-exec-4] INFO  lab5.controller.UserController - Получен запрос на получение всех пользователей, сортировка: username:asc
2026-01-13 15:16:48.466 [http-nio-8080-exec-4] INFO  lab5.service.SearchService - Поиск всех пользователей с сортировкой по полю 'username' в направлении 'asc'
2026-01-13 15:16:48.482 [http-nio-8080-exec-4] DEBUG org.hibernate.SQL - 
    select
        ue1_0.id,
        ue1_0.created_at,
        ue1_0.email,
        ue1_0.password_hash,
        ue1_0.role_id,
        ue1_0.updated_at,
        ue1_0.username 
    from
        users ue1_0 
    order by
        ue1_0.username
2026-01-13 15:16:48.486 [http-nio-8080-exec-4] DEBUG org.hibernate.SQL - 
    select
        re1_0.id,
        re1_0.name 
    from
        roles re1_0 
    where
        re1_0.id=?
2026-01-13 15:16:48.489 [http-nio-8080-exec-4] DEBUG org.hibernate.SQL - 
    select
        re1_0.id,
        re1_0.name 
    from
        roles re1_0 
    where
        re1_0.id=?
2026-01-13 15:16:48.492 [http-nio-8080-exec-4] DEBUG lab5.service.SearchService - Найдено 5 пользователей.
2026-01-13 15:16:48.493 [http-nio-8080-exec-4] DEBUG lab5.controller.UserController - Найдено 5 пользователей.
2026-01-13 15:16:48.496 [http-nio-8080-exec-4] DEBUG o.s.w.s.m.m.a.HttpEntityMethodProcessor - Using 'application/json', given [*/*] and supported [application/json, application/*+json]
2026-01-13 15:16:48.497 [http-nio-8080-exec-4] DEBUG o.s.w.s.m.m.a.HttpEntityMethodProcessor - Writing [[lab5.dto.UserDTO@7dd013, lab5.dto.UserDTO@15e4dbc2, lab5.dto.UserDTO@33946bb3, lab5.dto.UserDTO@216 (truncated)...]
2026-01-13 15:16:48.500 [http-nio-8080-exec-4] DEBUG o.s.web.servlet.DispatcherServlet - Completed 200 OK
2026-01-13 15:16:48.588 [http-nio-8080-exec-6] DEBUG o.s.security.web.FilterChainProxy - Securing PUT /api/users/5
2026-01-13 15:16:48.590 [http-nio-8080-exec-6] INFO  lab5.service.UserService - Поиск пользователя по имени: user1
2026-01-13 15:16:48.594 [http-nio-8080-exec-6] DEBUG org.hibernate.SQL - 
    select
        ue1_0.id,
        ue1_0.created_at,
        ue1_0.email,
        ue1_0.password_hash,
        ue1_0.role_id,
        r1_0.id,
        r1_0.name,
        ue1_0.updated_at,
        ue1_0.username 
    from
        users ue1_0 
    join
        roles r1_0 
            on r1_0.id=ue1_0.role_id 
    where
        ue1_0.username=?
2026-01-13 15:16:48.597 [http-nio-8080-exec-6] DEBUG lab5.service.UserService - Найден пользователь по имени: ID=2, Username=user1
2026-01-13 15:16:48.674 [http-nio-8080-exec-6] DEBUG o.s.s.a.d.DaoAuthenticationProvider - Authenticated user
2026-01-13 15:16:48.674 [http-nio-8080-exec-6] DEBUG o.s.s.w.a.w.BasicAuthenticationFilter - Set SecurityContextHolder to UsernamePasswordAuthenticationToken [Principal=org.springframework.security.core.userdetails.User [Username=user1, Password=[PROTECTED], Enabled=true, AccountNonExpired=true, CredentialsNonExpired=true, AccountNonLocked=true, Granted Authorities=[ROLE_ADMIN]], Credentials=[PROTECTED], Authenticated=true, Details=WebAuthenticationDetails [RemoteIpAddress=0:0:0:0:0:0:0:1, SessionId=null], Granted Authorities=[ROLE_ADMIN]]
2026-01-13 15:16:48.675 [http-nio-8080-exec-6] DEBUG o.s.security.web.FilterChainProxy - Secured PUT /api/users/5
2026-01-13 15:16:48.675 [http-nio-8080-exec-6] DEBUG o.s.web.servlet.DispatcherServlet - PUT "/api/users/5", parameters={}
2026-01-13 15:16:48.676 [http-nio-8080-exec-6] DEBUG o.s.w.s.m.m.a.RequestMappingHandlerMapping - Mapped to lab5.controller.UserController#updateUser(Long, UserDTO, Authentication)
2026-01-13 15:16:48.679 [http-nio-8080-exec-6] DEBUG o.s.w.s.m.m.a.RequestResponseBodyMethodProcessor - Read "application/json;charset=UTF-8" to [lab5.dto.UserDTO@19787bad]
2026-01-13 15:16:48.681 [http-nio-8080-exec-6] DEBUG o.s.s.a.m.AuthorizationManagerBeforeMethodInterceptor - Authorizing method invocation ReflectiveMethodInvocation: public org.springframework.http.ResponseEntity lab5.controller.UserController.updateUser(java.lang.Long,lab5.dto.UserDTO,org.springframework.security.core.Authentication); target is of class [lab5.controller.UserController]
2026-01-13 15:16:48.682 [http-nio-8080-exec-6] DEBUG o.s.s.a.m.AuthorizationManagerBeforeMethodInterceptor - Authorized method invocation ReflectiveMethodInvocation: public org.springframework.http.ResponseEntity lab5.controller.UserController.updateUser(java.lang.Long,lab5.dto.UserDTO,org.springframework.security.core.Authentication); target is of class [lab5.controller.UserController]
2026-01-13 15:16:48.683 [http-nio-8080-exec-6] INFO  lab5.controller.UserController - Получен запрос на обновление пользователя с ID: 5
2026-01-13 15:16:48.683 [http-nio-8080-exec-6] INFO  lab5.service.UserService - Поиск пользователя по имени: user1
2026-01-13 15:16:48.687 [http-nio-8080-exec-6] DEBUG org.hibernate.SQL - 
    select
        ue1_0.id,
        ue1_0.created_at,
        ue1_0.email,
        ue1_0.password_hash,
        ue1_0.role_id,
        r1_0.id,
        r1_0.name,
        ue1_0.updated_at,
        ue1_0.username 
    from
        users ue1_0 
    join
        roles r1_0 
            on r1_0.id=ue1_0.role_id 
    where
        ue1_0.username=?
2026-01-13 15:16:48.689 [http-nio-8080-exec-6] DEBUG lab5.service.UserService - Найден пользователь по имени: ID=2, Username=user1
2026-01-13 15:16:48.692 [http-nio-8080-exec-6] INFO  lab5.service.UserService - Обновление пользователя с ID: 5
2026-01-13 15:16:48.693 [http-nio-8080-exec-6] DEBUG org.hibernate.SQL - 
    select
        ue1_0.id,
        ue1_0.created_at,
        ue1_0.email,
        ue1_0.password_hash,
        ue1_0.role_id,
        r1_0.id,
        r1_0.name,
        ue1_0.updated_at,
        ue1_0.username 
    from
        users ue1_0 
    join
        roles r1_0 
            on r1_0.id=ue1_0.role_id 
    where
        ue1_0.id=?
2026-01-13 15:16:48.697 [http-nio-8080-exec-6] INFO  lab5.service.UserService - Пользователь с ID 5 обновлён.
2026-01-13 15:16:48.706 [http-nio-8080-exec-6] DEBUG org.hibernate.SQL - 
    update
        users 
    set
        email=?,
        password_hash=?,
        role_id=?,
        updated_at=?,
        username=? 
    where
        id=?
2026-01-13 15:16:48.715 [http-nio-8080-exec-6] INFO  lab5.controller.UserController - Пользователь с ID 5 обновлён.
2026-01-13 15:16:48.716 [http-nio-8080-exec-6] DEBUG o.s.w.s.m.m.a.HttpEntityMethodProcessor - Using 'application/json', given [*/*] and supported [application/json, application/*+json]
2026-01-13 15:16:48.716 [http-nio-8080-exec-6] DEBUG o.s.w.s.m.m.a.HttpEntityMethodProcessor - Writing [lab5.dto.UserDTO@77d3b541]
2026-01-13 15:16:48.718 [http-nio-8080-exec-6] DEBUG o.s.web.servlet.DispatcherServlet - Completed 200 OK
2026-01-13 15:16:48.803 [http-nio-8080-exec-3] DEBUG o.s.security.web.FilterChainProxy - Securing GET /api/users/search/username/updated_user_1768281757087
2026-01-13 15:16:48.805 [http-nio-8080-exec-3] INFO  lab5.service.UserService - Поиск пользователя по имени: user1
2026-01-13 15:16:48.809 [http-nio-8080-exec-3] DEBUG org.hibernate.SQL - 
    select
        ue1_0.id,
        ue1_0.created_at,
        ue1_0.email,
        ue1_0.password_hash,
        ue1_0.role_id,
        r1_0.id,
        r1_0.name,
        ue1_0.updated_at,
        ue1_0.username 
    from
        users ue1_0 
    join
        roles r1_0 
            on r1_0.id=ue1_0.role_id 
    where
        ue1_0.username=?
2026-01-13 15:16:48.812 [http-nio-8080-exec-3] DEBUG lab5.service.UserService - Найден пользователь по имени: ID=2, Username=user1
2026-01-13 15:16:48.895 [http-nio-8080-exec-3] DEBUG o.s.s.a.d.DaoAuthenticationProvider - Authenticated user
2026-01-13 15:16:48.895 [http-nio-8080-exec-3] DEBUG o.s.s.w.a.w.BasicAuthenticationFilter - Set SecurityContextHolder to UsernamePasswordAuthenticationToken [Principal=org.springframework.security.core.userdetails.User [Username=user1, Password=[PROTECTED], Enabled=true, AccountNonExpired=true, CredentialsNonExpired=true, AccountNonLocked=true, Granted Authorities=[ROLE_ADMIN]], Credentials=[PROTECTED], Authenticated=true, Details=WebAuthenticationDetails [RemoteIpAddress=0:0:0:0:0:0:0:1, SessionId=null], Granted Authorities=[ROLE_ADMIN]]
2026-01-13 15:16:48.896 [http-nio-8080-exec-3] DEBUG o.s.security.web.FilterChainProxy - Secured GET /api/users/search/username/updated_user_1768281757087
2026-01-13 15:16:48.896 [http-nio-8080-exec-3] DEBUG o.s.web.servlet.DispatcherServlet - GET "/api/users/search/username/updated_user_1768281757087", parameters={}
2026-01-13 15:16:48.897 [http-nio-8080-exec-3] DEBUG o.s.w.s.m.m.a.RequestMappingHandlerMapping - Mapped to lab5.controller.UserController#getUserByUsername(String, Authentication)
2026-01-13 15:16:48.898 [http-nio-8080-exec-3] DEBUG o.s.s.a.m.AuthorizationManagerBeforeMethodInterceptor - Authorizing method invocation ReflectiveMethodInvocation: public org.springframework.http.ResponseEntity lab5.controller.UserController.getUserByUsername(java.lang.String,org.springframework.security.core.Authentication); target is of class [lab5.controller.UserController]
2026-01-13 15:16:48.899 [http-nio-8080-exec-3] DEBUG o.s.s.a.m.AuthorizationManagerBeforeMethodInterceptor - Authorized method invocation ReflectiveMethodInvocation: public org.springframework.http.ResponseEntity lab5.controller.UserController.getUserByUsername(java.lang.String,org.springframework.security.core.Authentication); target is of class [lab5.controller.UserController]
2026-01-13 15:16:48.899 [http-nio-8080-exec-3] INFO  lab5.controller.UserController - Получен запрос на поиск пользователя по имени: updated_user_1768281757087
2026-01-13 15:16:48.900 [http-nio-8080-exec-3] INFO  lab5.service.UserService - Поиск пользователя по имени: user1
2026-01-13 15:16:48.904 [http-nio-8080-exec-3] DEBUG org.hibernate.SQL - 
    select
        ue1_0.id,
        ue1_0.created_at,
        ue1_0.email,
        ue1_0.password_hash,
        ue1_0.role_id,
        r1_0.id,
        r1_0.name,
        ue1_0.updated_at,
        ue1_0.username 
    from
        users ue1_0 
    join
        roles r1_0 
            on r1_0.id=ue1_0.role_id 
    where
        ue1_0.username=?
2026-01-13 15:16:48.907 [http-nio-8080-exec-3] DEBUG lab5.service.UserService - Найден пользователь по имени: ID=2, Username=user1
2026-01-13 15:16:48.907 [http-nio-8080-exec-3] INFO  lab5.service.UserService - Поиск пользователя по имени: updated_user_1768281757087
2026-01-13 15:16:48.911 [http-nio-8080-exec-3] DEBUG org.hibernate.SQL - 
    select
        ue1_0.id,
        ue1_0.created_at,
        ue1_0.email,
        ue1_0.password_hash,
        ue1_0.role_id,
        r1_0.id,
        r1_0.name,
        ue1_0.updated_at,
        ue1_0.username 
    from
        users ue1_0 
    join
        roles r1_0 
            on r1_0.id=ue1_0.role_id 
    where
        ue1_0.username=?
2026-01-13 15:16:48.913 [http-nio-8080-exec-3] DEBUG lab5.service.UserService - Найден пользователь по имени: ID=5, Username=updated_user_1768281757087
2026-01-13 15:16:48.914 [http-nio-8080-exec-3] DEBUG lab5.controller.UserController - Возвращён пользователь по имени: updated_user_1768281757087
2026-01-13 15:16:48.915 [http-nio-8080-exec-3] DEBUG o.s.w.s.m.m.a.HttpEntityMethodProcessor - Using 'application/json', given [*/*] and supported [application/json, application/*+json]
2026-01-13 15:16:48.915 [http-nio-8080-exec-3] DEBUG o.s.w.s.m.m.a.HttpEntityMethodProcessor - Writing [lab5.dto.UserDTO@67ac04d3]
2026-01-13 15:16:48.916 [http-nio-8080-exec-3] DEBUG o.s.web.servlet.DispatcherServlet - Completed 200 OK
2026-01-13 15:16:49.010 [http-nio-8080-exec-7] DEBUG o.s.security.web.FilterChainProxy - Securing POST /api/functions
2026-01-13 15:16:49.011 [http-nio-8080-exec-7] INFO  lab5.service.UserService - Поиск пользователя по имени: user1
2026-01-13 15:16:49.014 [http-nio-8080-exec-7] DEBUG org.hibernate.SQL - 
    select
        ue1_0.id,
        ue1_0.created_at,
        ue1_0.email,
        ue1_0.password_hash,
        ue1_0.role_id,
        r1_0.id,
        r1_0.name,
        ue1_0.updated_at,
        ue1_0.username 
    from
        users ue1_0 
    join
        roles r1_0 
            on r1_0.id=ue1_0.role_id 
    where
        ue1_0.username=?
2026-01-13 15:16:49.016 [http-nio-8080-exec-7] DEBUG lab5.service.UserService - Найден пользователь по имени: ID=2, Username=user1
2026-01-13 15:16:49.108 [http-nio-8080-exec-7] DEBUG o.s.s.a.d.DaoAuthenticationProvider - Authenticated user
2026-01-13 15:16:49.110 [http-nio-8080-exec-7] DEBUG o.s.s.w.a.w.BasicAuthenticationFilter - Set SecurityContextHolder to UsernamePasswordAuthenticationToken [Principal=org.springframework.security.core.userdetails.User [Username=user1, Password=[PROTECTED], Enabled=true, AccountNonExpired=true, CredentialsNonExpired=true, AccountNonLocked=true, Granted Authorities=[ROLE_ADMIN]], Credentials=[PROTECTED], Authenticated=true, Details=WebAuthenticationDetails [RemoteIpAddress=0:0:0:0:0:0:0:1, SessionId=null], Granted Authorities=[ROLE_ADMIN]]
2026-01-13 15:16:49.111 [http-nio-8080-exec-7] DEBUG o.s.security.web.FilterChainProxy - Secured POST /api/functions
2026-01-13 15:16:49.112 [http-nio-8080-exec-7] DEBUG o.s.web.servlet.DispatcherServlet - POST "/api/functions", parameters={}
2026-01-13 15:16:49.112 [http-nio-8080-exec-7] DEBUG o.s.w.s.m.m.a.RequestMappingHandlerMapping - Mapped to lab5.controller.FunctionController#createFunction(FunctionDTO, Authentication)
2026-01-13 15:16:49.127 [http-nio-8080-exec-7] DEBUG o.s.w.s.m.m.a.RequestResponseBodyMethodProcessor - Read "application/json;charset=UTF-8" to [lab5.dto.FunctionDTO@611e1047]
2026-01-13 15:16:49.127 [http-nio-8080-exec-7] DEBUG o.s.s.a.m.AuthorizationManagerBeforeMethodInterceptor - Authorizing method invocation ReflectiveMethodInvocation: public org.springframework.http.ResponseEntity lab5.controller.FunctionController.createFunction(lab5.dto.FunctionDTO,org.springframework.security.core.Authentication); target is of class [lab5.controller.FunctionController]
2026-01-13 15:16:49.130 [http-nio-8080-exec-7] DEBUG o.s.s.a.m.AuthorizationManagerBeforeMethodInterceptor - Authorized method invocation ReflectiveMethodInvocation: public org.springframework.http.ResponseEntity lab5.controller.FunctionController.createFunction(lab5.dto.FunctionDTO,org.springframework.security.core.Authentication); target is of class [lab5.controller.FunctionController]
2026-01-13 15:16:49.130 [http-nio-8080-exec-7] INFO  lab5.controller.FunctionController - Получен запрос на создание функции DTO
2026-01-13 15:16:49.131 [http-nio-8080-exec-7] INFO  lab5.service.UserService - Поиск пользователя по имени: user1
2026-01-13 15:16:49.135 [http-nio-8080-exec-7] DEBUG org.hibernate.SQL - 
    select
        ue1_0.id,
        ue1_0.created_at,
        ue1_0.email,
        ue1_0.password_hash,
        ue1_0.role_id,
        r1_0.id,
        r1_0.name,
        ue1_0.updated_at,
        ue1_0.username 
    from
        users ue1_0 
    join
        roles r1_0 
            on r1_0.id=ue1_0.role_id 
    where
        ue1_0.username=?
2026-01-13 15:16:49.137 [http-nio-8080-exec-7] DEBUG lab5.service.UserService - Найден пользователь по имени: ID=2, Username=user1
2026-01-13 15:16:49.140 [http-nio-8080-exec-7] INFO  lab5.service.SearchService - Создание функции: test_func_1768281757087
2026-01-13 15:16:49.141 [http-nio-8080-exec-7] DEBUG org.hibernate.SQL - 
    select
        ue1_0.id,
        ue1_0.created_at,
        ue1_0.email,
        ue1_0.password_hash,
        ue1_0.role_id,
        r1_0.id,
        r1_0.name,
        ue1_0.updated_at,
        ue1_0.username 
    from
        users ue1_0 
    join
        roles r1_0 
            on r1_0.id=ue1_0.role_id 
    where
        ue1_0.id=?
2026-01-13 15:16:49.147 [http-nio-8080-exec-7] DEBUG org.hibernate.SQL - 
    insert 
    into
        functions
        (created_at, expression, left_bound, name, points_count, points_data, right_bound, type, updated_at, user_id) 
    values
        (?, ?, ?, ?, ?, ?, ?, ?, ?, ?) 
    returning id
2026-01-13 15:16:49.153 [http-nio-8080-exec-7] DEBUG lab5.controller.FunctionController - Функция DTO создана с ID: 2
2026-01-13 15:16:49.166 [http-nio-8080-exec-7] DEBUG o.s.w.s.m.m.a.HttpEntityMethodProcessor - Using 'application/json', given [*/*] and supported [application/json, application/*+json]
2026-01-13 15:16:49.166 [http-nio-8080-exec-7] DEBUG o.s.w.s.m.m.a.HttpEntityMethodProcessor - Writing [lab5.dto.FunctionDTO@4885a9b6]
2026-01-13 15:16:49.169 [http-nio-8080-exec-7] DEBUG o.s.web.servlet.DispatcherServlet - Completed 201 CREATED
2026-01-13 15:16:49.261 [http-nio-8080-exec-8] DEBUG o.s.security.web.FilterChainProxy - Securing GET /api/functions/2
2026-01-13 15:16:49.262 [http-nio-8080-exec-8] INFO  lab5.service.UserService - Поиск пользователя по имени: user1
2026-01-13 15:16:49.265 [http-nio-8080-exec-8] DEBUG org.hibernate.SQL - 
    select
        ue1_0.id,
        ue1_0.created_at,
        ue1_0.email,
        ue1_0.password_hash,
        ue1_0.role_id,
        r1_0.id,
        r1_0.name,
        ue1_0.updated_at,
        ue1_0.username 
    from
        users ue1_0 
    join
        roles r1_0 
            on r1_0.id=ue1_0.role_id 
    where
        ue1_0.username=?
2026-01-13 15:16:49.269 [http-nio-8080-exec-8] DEBUG lab5.service.UserService - Найден пользователь по имени: ID=2, Username=user1
2026-01-13 15:16:49.358 [http-nio-8080-exec-8] DEBUG o.s.s.a.d.DaoAuthenticationProvider - Authenticated user
2026-01-13 15:16:49.358 [http-nio-8080-exec-8] DEBUG o.s.s.w.a.w.BasicAuthenticationFilter - Set SecurityContextHolder to UsernamePasswordAuthenticationToken [Principal=org.springframework.security.core.userdetails.User [Username=user1, Password=[PROTECTED], Enabled=true, AccountNonExpired=true, CredentialsNonExpired=true, AccountNonLocked=true, Granted Authorities=[ROLE_ADMIN]], Credentials=[PROTECTED], Authenticated=true, Details=WebAuthenticationDetails [RemoteIpAddress=0:0:0:0:0:0:0:1, SessionId=null], Granted Authorities=[ROLE_ADMIN]]
2026-01-13 15:16:49.360 [http-nio-8080-exec-8] DEBUG o.s.security.web.FilterChainProxy - Secured GET /api/functions/2
2026-01-13 15:16:49.360 [http-nio-8080-exec-8] DEBUG o.s.web.servlet.DispatcherServlet - GET "/api/functions/2", parameters={}
2026-01-13 15:16:49.361 [http-nio-8080-exec-8] DEBUG o.s.w.s.m.m.a.RequestMappingHandlerMapping - Mapped to lab5.controller.FunctionController#getFunctionById(Long, Authentication)
2026-01-13 15:16:49.362 [http-nio-8080-exec-8] DEBUG o.s.s.a.m.AuthorizationManagerBeforeMethodInterceptor - Authorizing method invocation ReflectiveMethodInvocation: public org.springframework.http.ResponseEntity lab5.controller.FunctionController.getFunctionById(java.lang.Long,org.springframework.security.core.Authentication); target is of class [lab5.controller.FunctionController]
2026-01-13 15:16:49.363 [http-nio-8080-exec-8] DEBUG o.s.s.a.m.AuthorizationManagerBeforeMethodInterceptor - Authorized method invocation ReflectiveMethodInvocation: public org.springframework.http.ResponseEntity lab5.controller.FunctionController.getFunctionById(java.lang.Long,org.springframework.security.core.Authentication); target is of class [lab5.controller.FunctionController]
2026-01-13 15:16:49.363 [http-nio-8080-exec-8] INFO  lab5.controller.FunctionController - Получен запрос на получение функции с ID: 2
2026-01-13 15:16:49.363 [http-nio-8080-exec-8] INFO  lab5.service.SearchService - Поиск функции по ID: 2
2026-01-13 15:16:49.365 [http-nio-8080-exec-8] DEBUG org.hibernate.SQL - 
    select
        fe1_0.id,
        fe1_0.created_at,
        fe1_0.expression,
        fe1_0.left_bound,
        fe1_0.name,
        fe1_0.points_count,
        fe1_0.points_data,
        fe1_0.right_bound,
        fe1_0.type,
        fe1_0.updated_at,
        fe1_0.user_id 
    from
        functions fe1_0 
    where
        fe1_0.id=?
2026-01-13 15:16:49.374 [http-nio-8080-exec-8] DEBUG lab5.service.SearchService - Найдена функция: ID=2, Name=test_func_1768281757087
2026-01-13 15:16:49.374 [http-nio-8080-exec-8] INFO  lab5.service.UserService - Поиск пользователя по имени: user1
2026-01-13 15:16:49.379 [http-nio-8080-exec-8] DEBUG org.hibernate.SQL - 
    select
        ue1_0.id,
        ue1_0.created_at,
        ue1_0.email,
        ue1_0.password_hash,
        ue1_0.role_id,
        r1_0.id,
        r1_0.name,
        ue1_0.updated_at,
        ue1_0.username 
    from
        users ue1_0 
    join
        roles r1_0 
            on r1_0.id=ue1_0.role_id 
    where
        ue1_0.username=?
2026-01-13 15:16:49.382 [http-nio-8080-exec-8] DEBUG lab5.service.UserService - Найден пользователь по имени: ID=2, Username=user1
2026-01-13 15:16:49.383 [http-nio-8080-exec-8] DEBUG lab5.controller.FunctionController - Возвращена функция DTO с ID: 2
2026-01-13 15:16:49.384 [http-nio-8080-exec-8] DEBUG o.s.w.s.m.m.a.HttpEntityMethodProcessor - Using 'application/json', given [*/*] and supported [application/json, application/*+json]
2026-01-13 15:16:49.385 [http-nio-8080-exec-8] DEBUG o.s.w.s.m.m.a.HttpEntityMethodProcessor - Writing [lab5.dto.FunctionDTO@1f55e522]
2026-01-13 15:16:49.386 [http-nio-8080-exec-8] DEBUG o.s.web.servlet.DispatcherServlet - Completed 200 OK
2026-01-13 15:16:49.477 [http-nio-8080-exec-10] DEBUG o.s.security.web.FilterChainProxy - Securing GET /api/functions/user/5?sortField=name&sortDirection=desc
2026-01-13 15:16:49.478 [http-nio-8080-exec-10] INFO  lab5.service.UserService - Поиск пользователя по имени: user1
2026-01-13 15:16:49.480 [http-nio-8080-exec-10] DEBUG org.hibernate.SQL - 
    select
        ue1_0.id,
        ue1_0.created_at,
        ue1_0.email,
        ue1_0.password_hash,
        ue1_0.role_id,
        r1_0.id,
        r1_0.name,
        ue1_0.updated_at,
        ue1_0.username 
    from
        users ue1_0 
    join
        roles r1_0 
            on r1_0.id=ue1_0.role_id 
    where
        ue1_0.username=?
2026-01-13 15:16:49.483 [http-nio-8080-exec-10] DEBUG lab5.service.UserService - Найден пользователь по имени: ID=2, Username=user1
2026-01-13 15:16:49.583 [http-nio-8080-exec-10] DEBUG o.s.s.a.d.DaoAuthenticationProvider - Authenticated user
2026-01-13 15:16:49.583 [http-nio-8080-exec-10] DEBUG o.s.s.w.a.w.BasicAuthenticationFilter - Set SecurityContextHolder to UsernamePasswordAuthenticationToken [Principal=org.springframework.security.core.userdetails.User [Username=user1, Password=[PROTECTED], Enabled=true, AccountNonExpired=true, CredentialsNonExpired=true, AccountNonLocked=true, Granted Authorities=[ROLE_ADMIN]], Credentials=[PROTECTED], Authenticated=true, Details=WebAuthenticationDetails [RemoteIpAddress=0:0:0:0:0:0:0:1, SessionId=null], Granted Authorities=[ROLE_ADMIN]]
2026-01-13 15:16:49.584 [http-nio-8080-exec-10] DEBUG o.s.security.web.FilterChainProxy - Secured GET /api/functions/user/5?sortField=name&sortDirection=desc
2026-01-13 15:16:49.584 [http-nio-8080-exec-10] DEBUG o.s.web.servlet.DispatcherServlet - GET "/api/functions/user/5?sortField=name&sortDirection=desc", parameters={masked}
2026-01-13 15:16:49.586 [http-nio-8080-exec-10] DEBUG o.s.w.s.m.m.a.RequestMappingHandlerMapping - Mapped to lab5.controller.FunctionController#getFunctionsByUserId(Long, String, String, Authentication)
2026-01-13 15:16:49.589 [http-nio-8080-exec-10] DEBUG o.s.s.a.m.AuthorizationManagerBeforeMethodInterceptor - Authorizing method invocation ReflectiveMethodInvocation: public org.springframework.http.ResponseEntity lab5.controller.FunctionController.getFunctionsByUserId(java.lang.Long,java.lang.String,java.lang.String,org.springframework.security.core.Authentication); target is of class [lab5.controller.FunctionController]
2026-01-13 15:16:49.590 [http-nio-8080-exec-10] DEBUG o.s.s.a.m.AuthorizationManagerBeforeMethodInterceptor - Authorized method invocation ReflectiveMethodInvocation: public org.springframework.http.ResponseEntity lab5.controller.FunctionController.getFunctionsByUserId(java.lang.Long,java.lang.String,java.lang.String,org.springframework.security.core.Authentication); target is of class [lab5.controller.FunctionController]
2026-01-13 15:16:49.591 [http-nio-8080-exec-10] INFO  lab5.controller.FunctionController - Получен запрос на получение функций для пользователя с ID: 5, сортировка: name:desc
2026-01-13 15:16:49.591 [http-nio-8080-exec-10] INFO  lab5.service.UserService - Поиск пользователя по имени: user1
2026-01-13 15:16:49.595 [http-nio-8080-exec-10] DEBUG org.hibernate.SQL - 
    select
        ue1_0.id,
        ue1_0.created_at,
        ue1_0.email,
        ue1_0.password_hash,
        ue1_0.role_id,
        r1_0.id,
        r1_0.name,
        ue1_0.updated_at,
        ue1_0.username 
    from
        users ue1_0 
    join
        roles r1_0 
            on r1_0.id=ue1_0.role_id 
    where
        ue1_0.username=?
2026-01-13 15:16:49.599 [http-nio-8080-exec-10] DEBUG lab5.service.UserService - Найден пользователь по имени: ID=2, Username=user1
2026-01-13 15:16:49.599 [http-nio-8080-exec-10] INFO  lab5.service.UserService - Поиск пользователя по ID: 5
2026-01-13 15:16:49.600 [http-nio-8080-exec-10] DEBUG org.hibernate.SQL - 
    select
        ue1_0.id,
        ue1_0.created_at,
        ue1_0.email,
        ue1_0.password_hash,
        ue1_0.role_id,
        r1_0.id,
        r1_0.name,
        ue1_0.updated_at,
        ue1_0.username 
    from
        users ue1_0 
    join
        roles r1_0 
            on r1_0.id=ue1_0.role_id 
    where
        ue1_0.id=?
2026-01-13 15:16:49.602 [http-nio-8080-exec-10] DEBUG lab5.service.UserService - Найден пользователь: ID=5, Username=updated_user_1768281757087
2026-01-13 15:16:49.602 [http-nio-8080-exec-10] INFO  lab5.service.SearchService - Поиск функций по ID пользователя 5 с сортировкой по полю 'name' в направлении 'desc'
2026-01-13 15:16:49.615 [http-nio-8080-exec-10] DEBUG org.hibernate.SQL - 
    select
        fe1_0.id,
        fe1_0.created_at,
        fe1_0.expression,
        fe1_0.left_bound,
        fe1_0.name,
        fe1_0.points_count,
        fe1_0.points_data,
        fe1_0.right_bound,
        fe1_0.type,
        fe1_0.updated_at,
        fe1_0.user_id 
    from
        functions fe1_0 
    where
        fe1_0.user_id=? 
    order by
        fe1_0.name desc
2026-01-13 15:16:49.620 [http-nio-8080-exec-10] DEBUG lab5.service.SearchService - Найдено 1 функций для пользователя ID 5
2026-01-13 15:16:49.621 [http-nio-8080-exec-10] DEBUG lab5.controller.FunctionController - Найдено 1 функций DTO для пользователя ID 5.
2026-01-13 15:16:49.622 [http-nio-8080-exec-10] DEBUG o.s.w.s.m.m.a.HttpEntityMethodProcessor - Using 'application/json', given [*/*] and supported [application/json, application/*+json]
2026-01-13 15:16:49.622 [http-nio-8080-exec-10] DEBUG o.s.w.s.m.m.a.HttpEntityMethodProcessor - Writing [[lab5.dto.FunctionDTO@46828140]]
2026-01-13 15:16:49.624 [http-nio-8080-exec-10] DEBUG o.s.web.servlet.DispatcherServlet - Completed 200 OK
2026-01-13 15:16:49.712 [http-nio-8080-exec-9] DEBUG o.s.security.web.FilterChainProxy - Securing PUT /api/functions/2
2026-01-13 15:16:49.712 [http-nio-8080-exec-9] INFO  lab5.service.UserService - Поиск пользователя по имени: user1
2026-01-13 15:16:49.715 [http-nio-8080-exec-9] DEBUG org.hibernate.SQL - 
    select
        ue1_0.id,
        ue1_0.created_at,
        ue1_0.email,
        ue1_0.password_hash,
        ue1_0.role_id,
        r1_0.id,
        r1_0.name,
        ue1_0.updated_at,
        ue1_0.username 
    from
        users ue1_0 
    join
        roles r1_0 
            on r1_0.id=ue1_0.role_id 
    where
        ue1_0.username=?
2026-01-13 15:16:49.716 [http-nio-8080-exec-9] DEBUG lab5.service.UserService - Найден пользователь по имени: ID=2, Username=user1
2026-01-13 15:16:49.812 [http-nio-8080-exec-9] DEBUG o.s.s.a.d.DaoAuthenticationProvider - Authenticated user
2026-01-13 15:16:49.813 [http-nio-8080-exec-9] DEBUG o.s.s.w.a.w.BasicAuthenticationFilter - Set SecurityContextHolder to UsernamePasswordAuthenticationToken [Principal=org.springframework.security.core.userdetails.User [Username=user1, Password=[PROTECTED], Enabled=true, AccountNonExpired=true, CredentialsNonExpired=true, AccountNonLocked=true, Granted Authorities=[ROLE_ADMIN]], Credentials=[PROTECTED], Authenticated=true, Details=WebAuthenticationDetails [RemoteIpAddress=0:0:0:0:0:0:0:1, SessionId=null], Granted Authorities=[ROLE_ADMIN]]
2026-01-13 15:16:49.813 [http-nio-8080-exec-9] DEBUG o.s.security.web.FilterChainProxy - Secured PUT /api/functions/2
2026-01-13 15:16:49.813 [http-nio-8080-exec-9] DEBUG o.s.web.servlet.DispatcherServlet - PUT "/api/functions/2", parameters={}
2026-01-13 15:16:49.814 [http-nio-8080-exec-9] DEBUG o.s.w.s.m.m.a.RequestMappingHandlerMapping - Mapped to lab5.controller.FunctionController#updateFunction(Long, FunctionDTO, Authentication)
2026-01-13 15:16:49.816 [http-nio-8080-exec-9] DEBUG o.s.w.s.m.m.a.RequestResponseBodyMethodProcessor - Read "application/json;charset=UTF-8" to [lab5.dto.FunctionDTO@4e58669e]
2026-01-13 15:16:49.818 [http-nio-8080-exec-9] DEBUG o.s.s.a.m.AuthorizationManagerBeforeMethodInterceptor - Authorizing method invocation ReflectiveMethodInvocation: public org.springframework.http.ResponseEntity lab5.controller.FunctionController.updateFunction(java.lang.Long,lab5.dto.FunctionDTO,org.springframework.security.core.Authentication); target is of class [lab5.controller.FunctionController]
2026-01-13 15:16:49.818 [http-nio-8080-exec-9] DEBUG o.s.s.a.m.AuthorizationManagerBeforeMethodInterceptor - Authorized method invocation ReflectiveMethodInvocation: public org.springframework.http.ResponseEntity lab5.controller.FunctionController.updateFunction(java.lang.Long,lab5.dto.FunctionDTO,org.springframework.security.core.Authentication); target is of class [lab5.controller.FunctionController]
2026-01-13 15:16:49.818 [http-nio-8080-exec-9] INFO  lab5.controller.FunctionController - Получен запрос на обновление функции DTO с ID: 2
2026-01-13 15:16:49.818 [http-nio-8080-exec-9] INFO  lab5.service.SearchService - Поиск функции по ID: 2
2026-01-13 15:16:49.820 [http-nio-8080-exec-9] DEBUG org.hibernate.SQL - 
    select
        fe1_0.id,
        fe1_0.created_at,
        fe1_0.expression,
        fe1_0.left_bound,
        fe1_0.name,
        fe1_0.points_count,
        fe1_0.points_data,
        fe1_0.right_bound,
        fe1_0.type,
        fe1_0.updated_at,
        fe1_0.user_id 
    from
        functions fe1_0 
    where
        fe1_0.id=?
2026-01-13 15:16:49.822 [http-nio-8080-exec-9] DEBUG lab5.service.SearchService - Найдена функция: ID=2, Name=test_func_1768281757087
2026-01-13 15:16:49.823 [http-nio-8080-exec-9] INFO  lab5.service.UserService - Поиск пользователя по имени: user1
2026-01-13 15:16:49.826 [http-nio-8080-exec-9] DEBUG org.hibernate.SQL - 
    select
        ue1_0.id,
        ue1_0.created_at,
        ue1_0.email,
        ue1_0.password_hash,
        ue1_0.role_id,
        r1_0.id,
        r1_0.name,
        ue1_0.updated_at,
        ue1_0.username 
    from
        users ue1_0 
    join
        roles r1_0 
            on r1_0.id=ue1_0.role_id 
    where
        ue1_0.username=?
2026-01-13 15:16:49.828 [http-nio-8080-exec-9] DEBUG lab5.service.UserService - Найден пользователь по имени: ID=2, Username=user1
2026-01-13 15:16:49.829 [http-nio-8080-exec-9] INFO  lab5.service.SearchService - Обновление функции с ID: 2
2026-01-13 15:16:49.831 [http-nio-8080-exec-9] DEBUG org.hibernate.SQL - 
    update
        functions 
    set
        expression=?,
        left_bound=?,
        name=?,
        points_count=?,
        points_data=?,
        right_bound=?,
        type=?,
        updated_at=?,
        user_id=? 
    where
        id=?
2026-01-13 15:16:49.835 [http-nio-8080-exec-9] INFO  lab5.controller.FunctionController - Функция DTO с ID 2 обновлена.
2026-01-13 15:16:49.835 [http-nio-8080-exec-9] DEBUG o.s.w.s.m.m.a.HttpEntityMethodProcessor - Using 'application/json', given [*/*] and supported [application/json, application/*+json]
2026-01-13 15:16:49.836 [http-nio-8080-exec-9] DEBUG o.s.w.s.m.m.a.HttpEntityMethodProcessor - Writing [lab5.dto.FunctionDTO@6fa94cbb]
2026-01-13 15:16:49.837 [http-nio-8080-exec-9] DEBUG o.s.web.servlet.DispatcherServlet - Completed 200 OK
2026-01-13 15:16:49.931 [http-nio-8080-exec-5] DEBUG o.s.security.web.FilterChainProxy - Securing POST /api/operations
2026-01-13 15:16:49.932 [http-nio-8080-exec-5] INFO  lab5.service.UserService - Поиск пользователя по имени: user1
2026-01-13 15:16:49.935 [http-nio-8080-exec-5] DEBUG org.hibernate.SQL - 
    select
        ue1_0.id,
        ue1_0.created_at,
        ue1_0.email,
        ue1_0.password_hash,
        ue1_0.role_id,
        r1_0.id,
        r1_0.name,
        ue1_0.updated_at,
        ue1_0.username 
    from
        users ue1_0 
    join
        roles r1_0 
            on r1_0.id=ue1_0.role_id 
    where
        ue1_0.username=?
2026-01-13 15:16:49.937 [http-nio-8080-exec-5] DEBUG lab5.service.UserService - Найден пользователь по имени: ID=2, Username=user1
2026-01-13 15:16:50.017 [http-nio-8080-exec-5] DEBUG o.s.s.a.d.DaoAuthenticationProvider - Authenticated user
2026-01-13 15:16:50.017 [http-nio-8080-exec-5] DEBUG o.s.s.w.a.w.BasicAuthenticationFilter - Set SecurityContextHolder to UsernamePasswordAuthenticationToken [Principal=org.springframework.security.core.userdetails.User [Username=user1, Password=[PROTECTED], Enabled=true, AccountNonExpired=true, CredentialsNonExpired=true, AccountNonLocked=true, Granted Authorities=[ROLE_ADMIN]], Credentials=[PROTECTED], Authenticated=true, Details=WebAuthenticationDetails [RemoteIpAddress=0:0:0:0:0:0:0:1, SessionId=null], Granted Authorities=[ROLE_ADMIN]]
2026-01-13 15:16:50.017 [http-nio-8080-exec-5] DEBUG o.s.security.web.FilterChainProxy - Secured POST /api/operations
2026-01-13 15:16:50.017 [http-nio-8080-exec-5] DEBUG o.s.web.servlet.DispatcherServlet - POST "/api/operations", parameters={}
2026-01-13 15:16:50.018 [http-nio-8080-exec-5] DEBUG o.s.w.s.m.m.a.RequestMappingHandlerMapping - Mapped to lab5.controller.OperationController#createOperation(OperationDTO)
2026-01-13 15:16:50.026 [http-nio-8080-exec-5] DEBUG o.s.w.s.m.m.a.RequestResponseBodyMethodProcessor - Read "application/json;charset=UTF-8" to [lab5.dto.OperationDTO@6dc8dd6b]
2026-01-13 15:16:50.026 [http-nio-8080-exec-5] INFO  lab5.controller.OperationController - Получен запрос на создание операции DTO
2026-01-13 15:16:50.026 [http-nio-8080-exec-5] INFO  lab5.service.OperationService - === START createOperation ===
2026-01-13 15:16:50.026 [http-nio-8080-exec-5] INFO  lab5.service.OperationService - OperationDTO: type=ADD, userId=5, function1Id=2, function2Id=2, resultFunctionId=2
2026-01-13 15:16:50.027 [http-nio-8080-exec-5] DEBUG org.hibernate.SQL - 
    select
        ue1_0.id,
        ue1_0.created_at,
        ue1_0.email,
        ue1_0.password_hash,
        ue1_0.role_id,
        r1_0.id,
        r1_0.name,
        ue1_0.updated_at,
        ue1_0.username 
    from
        users ue1_0 
    join
        roles r1_0 
            on r1_0.id=ue1_0.role_id 
    where
        ue1_0.id=?
2026-01-13 15:16:50.030 [http-nio-8080-exec-5] DEBUG org.hibernate.SQL - 
    select
        fe1_0.id,
        fe1_0.created_at,
        fe1_0.expression,
        fe1_0.left_bound,
        fe1_0.name,
        fe1_0.points_count,
        fe1_0.points_data,
        fe1_0.right_bound,
        fe1_0.type,
        fe1_0.updated_at,
        fe1_0.user_id 
    from
        functions fe1_0 
    where
        fe1_0.id=?
2026-01-13 15:16:50.034 [http-nio-8080-exec-5] DEBUG org.hibernate.SQL - 
    insert 
    into
        operations
        (computed_at, function1_id, function2_id, operation_type, parameters, result_function_id, updated_at, user_id) 
    values
        (?, ?, ?, ?, ?, ?, ?, ?) 
    returning id
2026-01-13 15:16:50.038 [http-nio-8080-exec-5] INFO  lab5.service.OperationService - Operation saved with ID: 1
2026-01-13 15:16:50.038 [http-nio-8080-exec-5] INFO  lab5.service.OperationService - === END createOperation ===
2026-01-13 15:16:50.041 [http-nio-8080-exec-5] DEBUG lab5.controller.OperationController - Операция DTO создана с ID: 1
2026-01-13 15:16:50.047 [http-nio-8080-exec-5] DEBUG o.s.w.s.m.m.a.HttpEntityMethodProcessor - Using 'application/json', given [*/*] and supported [application/json, application/*+json]
2026-01-13 15:16:50.048 [http-nio-8080-exec-5] DEBUG o.s.w.s.m.m.a.HttpEntityMethodProcessor - Writing [lab5.dto.OperationResponseDTO@e573db5]
2026-01-13 15:16:50.050 [http-nio-8080-exec-5] DEBUG o.s.web.servlet.DispatcherServlet - Completed 201 CREATED
2026-01-13 15:16:50.133 [http-nio-8080-exec-1] DEBUG o.s.security.web.FilterChainProxy - Securing GET /api/operations/1
2026-01-13 15:16:50.134 [http-nio-8080-exec-1] INFO  lab5.service.UserService - Поиск пользователя по имени: user1
2026-01-13 15:16:50.137 [http-nio-8080-exec-1] DEBUG org.hibernate.SQL - 
    select
        ue1_0.id,
        ue1_0.created_at,
        ue1_0.email,
        ue1_0.password_hash,
        ue1_0.role_id,
        r1_0.id,
        r1_0.name,
        ue1_0.updated_at,
        ue1_0.username 
    from
        users ue1_0 
    join
        roles r1_0 
            on r1_0.id=ue1_0.role_id 
    where
        ue1_0.username=?
2026-01-13 15:16:50.138 [http-nio-8080-exec-1] DEBUG lab5.service.UserService - Найден пользователь по имени: ID=2, Username=user1
2026-01-13 15:16:50.225 [http-nio-8080-exec-1] DEBUG o.s.s.a.d.DaoAuthenticationProvider - Authenticated user
2026-01-13 15:16:50.226 [http-nio-8080-exec-1] DEBUG o.s.s.w.a.w.BasicAuthenticationFilter - Set SecurityContextHolder to UsernamePasswordAuthenticationToken [Principal=org.springframework.security.core.userdetails.User [Username=user1, Password=[PROTECTED], Enabled=true, AccountNonExpired=true, CredentialsNonExpired=true, AccountNonLocked=true, Granted Authorities=[ROLE_ADMIN]], Credentials=[PROTECTED], Authenticated=true, Details=WebAuthenticationDetails [RemoteIpAddress=0:0:0:0:0:0:0:1, SessionId=null], Granted Authorities=[ROLE_ADMIN]]
2026-01-13 15:16:50.227 [http-nio-8080-exec-1] DEBUG o.s.security.web.FilterChainProxy - Secured GET /api/operations/1
2026-01-13 15:16:50.227 [http-nio-8080-exec-1] DEBUG o.s.web.servlet.DispatcherServlet - GET "/api/operations/1", parameters={}
2026-01-13 15:16:50.228 [http-nio-8080-exec-1] DEBUG o.s.w.s.m.m.a.RequestMappingHandlerMapping - Mapped to lab5.controller.OperationController#getOperationById(Long)
2026-01-13 15:16:50.229 [http-nio-8080-exec-1] INFO  lab5.controller.OperationController - Получен запрос на получение операции с ID: 1
2026-01-13 15:16:50.230 [http-nio-8080-exec-1] INFO  lab5.service.OperationService - Getting operation by ID: 1
2026-01-13 15:16:50.231 [http-nio-8080-exec-1] DEBUG org.hibernate.SQL - 
    select
        oe1_0.id,
        oe1_0.computed_at,
        oe1_0.function1_id,
        oe1_0.function2_id,
        oe1_0.operation_type,
        oe1_0.parameters,
        oe1_0.result_function_id,
        oe1_0.updated_at,
        oe1_0.user_id 
    from
        operations oe1_0 
    where
        oe1_0.id=?
2026-01-13 15:16:50.235 [http-nio-8080-exec-1] DEBUG lab5.controller.OperationController - Возвращена операция с ID: 1
2026-01-13 15:16:50.236 [http-nio-8080-exec-1] DEBUG o.s.w.s.m.m.a.HttpEntityMethodProcessor - Using 'application/json', given [*/*] and supported [application/json, application/*+json]
2026-01-13 15:16:50.236 [http-nio-8080-exec-1] DEBUG o.s.w.s.m.m.a.HttpEntityMethodProcessor - Writing [lab5.dto.OperationResponseDTO@7fff2bca]
2026-01-13 15:16:50.239 [http-nio-8080-exec-1] DEBUG o.s.web.servlet.DispatcherServlet - Completed 200 OK
2026-01-13 15:16:50.334 [http-nio-8080-exec-2] DEBUG o.s.security.web.FilterChainProxy - Securing GET /api/operations/user/5
2026-01-13 15:16:50.335 [http-nio-8080-exec-2] INFO  lab5.service.UserService - Поиск пользователя по имени: user1
2026-01-13 15:16:50.338 [http-nio-8080-exec-2] DEBUG org.hibernate.SQL - 
    select
        ue1_0.id,
        ue1_0.created_at,
        ue1_0.email,
        ue1_0.password_hash,
        ue1_0.role_id,
        r1_0.id,
        r1_0.name,
        ue1_0.updated_at,
        ue1_0.username 
    from
        users ue1_0 
    join
        roles r1_0 
            on r1_0.id=ue1_0.role_id 
    where
        ue1_0.username=?
2026-01-13 15:16:50.339 [http-nio-8080-exec-2] DEBUG lab5.service.UserService - Найден пользователь по имени: ID=2, Username=user1
2026-01-13 15:16:50.419 [http-nio-8080-exec-2] DEBUG o.s.s.a.d.DaoAuthenticationProvider - Authenticated user
2026-01-13 15:16:50.419 [http-nio-8080-exec-2] DEBUG o.s.s.w.a.w.BasicAuthenticationFilter - Set SecurityContextHolder to UsernamePasswordAuthenticationToken [Principal=org.springframework.security.core.userdetails.User [Username=user1, Password=[PROTECTED], Enabled=true, AccountNonExpired=true, CredentialsNonExpired=true, AccountNonLocked=true, Granted Authorities=[ROLE_ADMIN]], Credentials=[PROTECTED], Authenticated=true, Details=WebAuthenticationDetails [RemoteIpAddress=0:0:0:0:0:0:0:1, SessionId=null], Granted Authorities=[ROLE_ADMIN]]
2026-01-13 15:16:50.421 [http-nio-8080-exec-2] DEBUG o.s.security.web.FilterChainProxy - Secured GET /api/operations/user/5
2026-01-13 15:16:50.421 [http-nio-8080-exec-2] DEBUG o.s.web.servlet.DispatcherServlet - GET "/api/operations/user/5", parameters={}
2026-01-13 15:16:50.421 [http-nio-8080-exec-2] DEBUG o.s.w.s.m.m.a.RequestMappingHandlerMapping - Mapped to lab5.controller.OperationController#getOperationsByUserId(Long, String, String)
2026-01-13 15:16:50.422 [http-nio-8080-exec-2] INFO  lab5.controller.OperationController - Получен запрос на получение операций для пользователя с ID: 5, сортировка: id:asc
2026-01-13 15:16:50.424 [http-nio-8080-exec-2] INFO  lab5.service.OperationService - Getting operations for user ID: 5, sort: id asc
2026-01-13 15:16:50.427 [http-nio-8080-exec-2] DEBUG org.hibernate.SQL - 
    select
        oe1_0.id,
        oe1_0.computed_at,
        oe1_0.function1_id,
        oe1_0.function2_id,
        oe1_0.operation_type,
        oe1_0.parameters,
        oe1_0.result_function_id,
        oe1_0.updated_at,
        oe1_0.user_id 
    from
        operations oe1_0 
    where
        oe1_0.user_id=? 
    order by
        oe1_0.id
2026-01-13 15:16:50.430 [http-nio-8080-exec-2] DEBUG lab5.controller.OperationController - Найдено 1 операций для пользователя ID 5.
2026-01-13 15:16:50.431 [http-nio-8080-exec-2] DEBUG o.s.w.s.m.m.a.HttpEntityMethodProcessor - Using 'application/json', given [*/*] and supported [application/json, application/*+json]
2026-01-13 15:16:50.431 [http-nio-8080-exec-2] DEBUG o.s.w.s.m.m.a.HttpEntityMethodProcessor - Writing [[lab5.dto.OperationResponseDTO@2a0eb12b]]
2026-01-13 15:16:50.433 [http-nio-8080-exec-2] DEBUG o.s.web.servlet.DispatcherServlet - Completed 200 OK
2026-01-13 15:16:50.459 [http-nio-8080-exec-4] DEBUG o.s.security.web.FilterChainProxy - Securing POST /api/cache
2026-01-13 15:16:50.460 [http-nio-8080-exec-4] INFO  lab5.service.UserService - Поиск пользователя по имени: user1
2026-01-13 15:16:50.463 [http-nio-8080-exec-4] DEBUG org.hibernate.SQL - 
    select
        ue1_0.id,
        ue1_0.created_at,
        ue1_0.email,
        ue1_0.password_hash,
        ue1_0.role_id,
        r1_0.id,
        r1_0.name,
        ue1_0.updated_at,
        ue1_0.username 
    from
        users ue1_0 
    join
        roles r1_0 
            on r1_0.id=ue1_0.role_id 
    where
        ue1_0.username=?
2026-01-13 15:16:50.465 [http-nio-8080-exec-4] DEBUG lab5.service.UserService - Найден пользователь по имени: ID=2, Username=user1
2026-01-13 15:16:50.537 [http-nio-8080-exec-4] DEBUG o.s.s.a.d.DaoAuthenticationProvider - Authenticated user
2026-01-13 15:16:50.538 [http-nio-8080-exec-4] DEBUG o.s.s.w.a.w.BasicAuthenticationFilter - Set SecurityContextHolder to UsernamePasswordAuthenticationToken [Principal=org.springframework.security.core.userdetails.User [Username=user1, Password=[PROTECTED], Enabled=true, AccountNonExpired=true, CredentialsNonExpired=true, AccountNonLocked=true, Granted Authorities=[ROLE_ADMIN]], Credentials=[PROTECTED], Authenticated=true, Details=WebAuthenticationDetails [RemoteIpAddress=0:0:0:0:0:0:0:1, SessionId=null], Granted Authorities=[ROLE_ADMIN]]
2026-01-13 15:16:50.538 [http-nio-8080-exec-4] DEBUG o.s.security.web.FilterChainProxy - Secured POST /api/cache
2026-01-13 15:16:50.538 [http-nio-8080-exec-4] DEBUG o.s.web.servlet.DispatcherServlet - POST "/api/cache", parameters={}
2026-01-13 15:16:50.538 [http-nio-8080-exec-4] DEBUG o.s.w.s.m.m.a.RequestMappingHandlerMapping - Mapped to lab5.controller.ComputationCacheController#createCache(ComputationCacheDTO)
2026-01-13 15:16:50.543 [http-nio-8080-exec-4] DEBUG o.s.w.s.m.m.a.RequestResponseBodyMethodProcessor - Read "application/json;charset=UTF-8" to [lab5.dto.ComputationCacheDTO@385f44cb]
2026-01-13 15:16:50.544 [http-nio-8080-exec-4] INFO  l.c.ComputationCacheController - Получен запрос на создание записи кэша DTO
2026-01-13 15:16:50.544 [http-nio-8080-exec-4] INFO  l.service.ComputationCacheService - Создание кэша с ключом: cache_key_1768281757087
2026-01-13 15:16:50.545 [http-nio-8080-exec-4] DEBUG org.hibernate.SQL - 
    select
        ue1_0.id,
        ue1_0.created_at,
        ue1_0.email,
        ue1_0.password_hash,
        ue1_0.role_id,
        r1_0.id,
        r1_0.name,
        ue1_0.updated_at,
        ue1_0.username 
    from
        users ue1_0 
    join
        roles r1_0 
            on r1_0.id=ue1_0.role_id 
    where
        ue1_0.id=?
2026-01-13 15:16:50.548 [http-nio-8080-exec-4] DEBUG org.hibernate.SQL - 
    select
        fe1_0.id,
        fe1_0.created_at,
        fe1_0.expression,
        fe1_0.left_bound,
        fe1_0.name,
        fe1_0.points_count,
        fe1_0.points_data,
        fe1_0.right_bound,
        fe1_0.type,
        fe1_0.updated_at,
        fe1_0.user_id 
    from
        functions fe1_0 
    where
        fe1_0.id=?
2026-01-13 15:16:50.558 [http-nio-8080-exec-4] DEBUG org.hibernate.SQL - 
    select
        cce1_0.id 
    from
        computation_cache cce1_0 
    where
        cce1_0.cache_key=? 
    fetch
        first ? rows only
2026-01-13 15:16:50.564 [http-nio-8080-exec-4] DEBUG org.hibernate.SQL - 
    insert 
    into
        computation_cache
        (access_count, cache_key, computed_at, function_expression, left_bound, points_count, points_data, result_function_id, right_bound, updated_at, user_id) 
    values
        (?, ?, ?, ?, ?, ?, ?, ?, ?, ?, ?) 
    returning id
2026-01-13 15:16:50.567 [http-nio-8080-exec-4] DEBUG l.service.ComputationCacheService - Кэш сохранен с ID: 1
2026-01-13 15:16:50.570 [http-nio-8080-exec-4] DEBUG l.c.ComputationCacheController - Запись кэша Entity создана с ID: 1
2026-01-13 15:16:50.576 [http-nio-8080-exec-4] DEBUG o.s.w.s.m.m.a.HttpEntityMethodProcessor - Using 'application/json', given [*/*] and supported [application/json, application/*+json]
2026-01-13 15:16:50.576 [http-nio-8080-exec-4] DEBUG o.s.w.s.m.m.a.HttpEntityMethodProcessor - Writing [lab5.dto.CacheResponseDTO@333c041]
2026-01-13 15:16:50.578 [http-nio-8080-exec-4] DEBUG o.s.web.servlet.DispatcherServlet - Completed 201 CREATED
2026-01-13 15:16:50.678 [http-nio-8080-exec-6] DEBUG o.s.security.web.FilterChainProxy - Securing GET /api/cache/1
2026-01-13 15:16:50.678 [http-nio-8080-exec-6] INFO  lab5.service.UserService - Поиск пользователя по имени: user1
2026-01-13 15:16:50.681 [http-nio-8080-exec-6] DEBUG org.hibernate.SQL - 
    select
        ue1_0.id,
        ue1_0.created_at,
        ue1_0.email,
        ue1_0.password_hash,
        ue1_0.role_id,
        r1_0.id,
        r1_0.name,
        ue1_0.updated_at,
        ue1_0.username 
    from
        users ue1_0 
    join
        roles r1_0 
            on r1_0.id=ue1_0.role_id 
    where
        ue1_0.username=?
2026-01-13 15:16:50.682 [http-nio-8080-exec-6] DEBUG lab5.service.UserService - Найден пользователь по имени: ID=2, Username=user1
2026-01-13 15:16:50.749 [http-nio-8080-exec-6] DEBUG o.s.s.a.d.DaoAuthenticationProvider - Authenticated user
2026-01-13 15:16:50.749 [http-nio-8080-exec-6] DEBUG o.s.s.w.a.w.BasicAuthenticationFilter - Set SecurityContextHolder to UsernamePasswordAuthenticationToken [Principal=org.springframework.security.core.userdetails.User [Username=user1, Password=[PROTECTED], Enabled=true, AccountNonExpired=true, CredentialsNonExpired=true, AccountNonLocked=true, Granted Authorities=[ROLE_ADMIN]], Credentials=[PROTECTED], Authenticated=true, Details=WebAuthenticationDetails [RemoteIpAddress=0:0:0:0:0:0:0:1, SessionId=null], Granted Authorities=[ROLE_ADMIN]]
2026-01-13 15:16:50.750 [http-nio-8080-exec-6] DEBUG o.s.security.web.FilterChainProxy - Secured GET /api/cache/1
2026-01-13 15:16:50.750 [http-nio-8080-exec-6] DEBUG o.s.web.servlet.DispatcherServlet - GET "/api/cache/1", parameters={}
2026-01-13 15:16:50.751 [http-nio-8080-exec-6] DEBUG o.s.w.s.m.m.a.RequestMappingHandlerMapping - Mapped to lab5.controller.ComputationCacheController#getCacheById(Long)
2026-01-13 15:16:50.752 [http-nio-8080-exec-6] INFO  l.c.ComputationCacheController - Получен запрос на получение записи кэша с ID: 1
2026-01-13 15:16:50.752 [http-nio-8080-exec-6] DEBUG l.service.ComputationCacheService - Поиск записи кэша по ID: 1
2026-01-13 15:16:50.753 [http-nio-8080-exec-6] DEBUG org.hibernate.SQL - 
    select
        cce1_0.id,
        cce1_0.access_count,
        cce1_0.cache_key,
        cce1_0.computed_at,
        cce1_0.function_expression,
        cce1_0.left_bound,
        cce1_0.points_count,
        cce1_0.points_data,
        cce1_0.result_function_id,
        cce1_0.right_bound,
        cce1_0.updated_at,
        cce1_0.user_id 
    from
        computation_cache cce1_0 
    where
        cce1_0.id=?
2026-01-13 15:16:50.756 [http-nio-8080-exec-6] DEBUG l.service.ComputationCacheService - Обновление счётчика доступа для кэша ID: 1
2026-01-13 15:16:50.756 [http-nio-8080-exec-6] DEBUG l.service.ComputationCacheService - Счётчик доступа для кэша ID 1 обновлён.
2026-01-13 15:16:50.756 [http-nio-8080-exec-6] DEBUG l.c.ComputationCacheController - Найдена запись кэша с ID: 1
2026-01-13 15:16:50.758 [http-nio-8080-exec-6] DEBUG o.s.w.s.m.m.a.HttpEntityMethodProcessor - Using 'application/json', given [*/*] and supported [application/json, application/*+json]
2026-01-13 15:16:50.758 [http-nio-8080-exec-6] DEBUG o.s.w.s.m.m.a.HttpEntityMethodProcessor - Writing [lab5.dto.CacheResponseDTO@2906c1bb]
2026-01-13 15:16:50.760 [http-nio-8080-exec-6] DEBUG o.s.web.servlet.DispatcherServlet - Completed 200 OK
2026-01-13 15:16:50.851 [http-nio-8080-exec-3] DEBUG o.s.security.web.FilterChainProxy - Securing GET /api/cache/key/cache_key_1768281757087
2026-01-13 15:16:50.852 [http-nio-8080-exec-3] INFO  lab5.service.UserService - Поиск пользователя по имени: user1
2026-01-13 15:16:50.855 [http-nio-8080-exec-3] DEBUG org.hibernate.SQL - 
    select
        ue1_0.id,
        ue1_0.created_at,
        ue1_0.email,
        ue1_0.password_hash,
        ue1_0.role_id,
        r1_0.id,
        r1_0.name,
        ue1_0.updated_at,
        ue1_0.username 
    from
        users ue1_0 
    join
        roles r1_0 
            on r1_0.id=ue1_0.role_id 
    where
        ue1_0.username=?
2026-01-13 15:16:50.857 [http-nio-8080-exec-3] DEBUG lab5.service.UserService - Найден пользователь по имени: ID=2, Username=user1
2026-01-13 15:16:50.963 [http-nio-8080-exec-3] DEBUG o.s.s.a.d.DaoAuthenticationProvider - Authenticated user
2026-01-13 15:16:50.964 [http-nio-8080-exec-3] DEBUG o.s.s.w.a.w.BasicAuthenticationFilter - Set SecurityContextHolder to UsernamePasswordAuthenticationToken [Principal=org.springframework.security.core.userdetails.User [Username=user1, Password=[PROTECTED], Enabled=true, AccountNonExpired=true, CredentialsNonExpired=true, AccountNonLocked=true, Granted Authorities=[ROLE_ADMIN]], Credentials=[PROTECTED], Authenticated=true, Details=WebAuthenticationDetails [RemoteIpAddress=0:0:0:0:0:0:0:1, SessionId=null], Granted Authorities=[ROLE_ADMIN]]
2026-01-13 15:16:50.964 [http-nio-8080-exec-3] DEBUG o.s.security.web.FilterChainProxy - Secured GET /api/cache/key/cache_key_1768281757087
2026-01-13 15:16:50.965 [http-nio-8080-exec-3] DEBUG o.s.web.servlet.DispatcherServlet - GET "/api/cache/key/cache_key_1768281757087", parameters={}
2026-01-13 15:16:50.966 [http-nio-8080-exec-3] DEBUG o.s.w.s.m.m.a.RequestMappingHandlerMapping - Mapped to lab5.controller.ComputationCacheController#getCacheByKey(String)
2026-01-13 15:16:50.968 [http-nio-8080-exec-3] INFO  l.c.ComputationCacheController - Получен запрос на получение записи кэша по ключу: cache_key_1768281757087
2026-01-13 15:16:50.968 [http-nio-8080-exec-3] DEBUG l.service.ComputationCacheService - Поиск записи кэша по ключу: cache_key_1768281757087
2026-01-13 15:16:50.971 [http-nio-8080-exec-3] DEBUG org.hibernate.SQL - 
    select
        cce1_0.id,
        cce1_0.access_count,
        cce1_0.cache_key,
        cce1_0.computed_at,
        cce1_0.function_expression,
        cce1_0.left_bound,
        cce1_0.points_count,
        cce1_0.points_data,
        cce1_0.result_function_id,
        cce1_0.right_bound,
        cce1_0.updated_at,
        cce1_0.user_id 
    from
        computation_cache cce1_0 
    where
        cce1_0.cache_key=?
2026-01-13 15:16:50.974 [http-nio-8080-exec-3] DEBUG l.service.ComputationCacheService - Обновление счётчика доступа для кэша ID: 1
2026-01-13 15:16:50.975 [http-nio-8080-exec-3] DEBUG l.service.ComputationCacheService - Счётчик доступа для кэша ID 1 обновлён.
2026-01-13 15:16:50.975 [http-nio-8080-exec-3] DEBUG l.c.ComputationCacheController - Найдена запись кэша по ключу: cache_key_1768281757087
2026-01-13 15:16:50.976 [http-nio-8080-exec-3] DEBUG o.s.w.s.m.m.a.HttpEntityMethodProcessor - Using 'application/json', given [*/*] and supported [application/json, application/*+json]
2026-01-13 15:16:50.977 [http-nio-8080-exec-3] DEBUG o.s.w.s.m.m.a.HttpEntityMethodProcessor - Writing [lab5.dto.CacheResponseDTO@67a723cc]
2026-01-13 15:16:50.978 [http-nio-8080-exec-3] DEBUG o.s.web.servlet.DispatcherServlet - Completed 200 OK
2026-01-13 15:16:51.052 [http-nio-8080-exec-7] DEBUG o.s.security.web.FilterChainProxy - Securing DELETE /api/cache/1
2026-01-13 15:16:51.053 [http-nio-8080-exec-7] INFO  lab5.service.UserService - Поиск пользователя по имени: user1
2026-01-13 15:16:51.056 [http-nio-8080-exec-7] DEBUG org.hibernate.SQL - 
    select
        ue1_0.id,
        ue1_0.created_at,
        ue1_0.email,
        ue1_0.password_hash,
        ue1_0.role_id,
        r1_0.id,
        r1_0.name,
        ue1_0.updated_at,
        ue1_0.username 
    from
        users ue1_0 
    join
        roles r1_0 
            on r1_0.id=ue1_0.role_id 
    where
        ue1_0.username=?
2026-01-13 15:16:51.058 [http-nio-8080-exec-7] DEBUG lab5.service.UserService - Найден пользователь по имени: ID=2, Username=user1
2026-01-13 15:16:51.140 [http-nio-8080-exec-7] DEBUG o.s.s.a.d.DaoAuthenticationProvider - Authenticated user
2026-01-13 15:16:51.141 [http-nio-8080-exec-7] DEBUG o.s.s.w.a.w.BasicAuthenticationFilter - Set SecurityContextHolder to UsernamePasswordAuthenticationToken [Principal=org.springframework.security.core.userdetails.User [Username=user1, Password=[PROTECTED], Enabled=true, AccountNonExpired=true, CredentialsNonExpired=true, AccountNonLocked=true, Granted Authorities=[ROLE_ADMIN]], Credentials=[PROTECTED], Authenticated=true, Details=WebAuthenticationDetails [RemoteIpAddress=0:0:0:0:0:0:0:1, SessionId=null], Granted Authorities=[ROLE_ADMIN]]
2026-01-13 15:16:51.142 [http-nio-8080-exec-7] DEBUG o.s.security.web.FilterChainProxy - Secured DELETE /api/cache/1
2026-01-13 15:16:51.142 [http-nio-8080-exec-7] DEBUG o.s.web.servlet.DispatcherServlet - DELETE "/api/cache/1", parameters={}
2026-01-13 15:16:51.143 [http-nio-8080-exec-7] DEBUG o.s.w.s.m.m.a.RequestMappingHandlerMapping - Mapped to lab5.controller.ComputationCacheController#deleteCache(Long)
2026-01-13 15:16:51.144 [http-nio-8080-exec-7] INFO  l.c.ComputationCacheController - Получен запрос на удаление записи кэша с ID: 1
2026-01-13 15:16:51.145 [http-nio-8080-exec-7] INFO  l.service.ComputationCacheService - Удаление кэша с ID: 1
2026-01-13 15:16:51.170 [http-nio-8080-exec-7] DEBUG org.hibernate.SQL - 
    select
        count(*) 
    from
        computation_cache cce1_0 
    where
        cce1_0.id=?
2026-01-13 15:16:51.174 [http-nio-8080-exec-7] DEBUG org.hibernate.SQL - 
    select
        cce1_0.id,
        cce1_0.access_count,
        cce1_0.cache_key,
        cce1_0.computed_at,
        cce1_0.function_expression,
        cce1_0.left_bound,
        cce1_0.points_count,
        cce1_0.points_data,
        cce1_0.result_function_id,
        cce1_0.right_bound,
        cce1_0.updated_at,
        cce1_0.user_id 
    from
        computation_cache cce1_0 
    where
        cce1_0.id=?
2026-01-13 15:16:51.181 [http-nio-8080-exec-7] DEBUG l.service.ComputationCacheService - Кэш с ID 1 удалён.
2026-01-13 15:16:51.183 [http-nio-8080-exec-7] DEBUG org.hibernate.SQL - 
    delete 
    from
        computation_cache 
    where
        id=?
2026-01-13 15:16:51.188 [http-nio-8080-exec-7] INFO  l.c.ComputationCacheController - Запись кэша с ID 1 удалена.
2026-01-13 15:16:51.190 [http-nio-8080-exec-7] DEBUG o.s.w.s.m.m.a.HttpEntityMethodProcessor - Using 'application/json', given [*/*] and supported [application/json, application/*+json]
2026-01-13 15:16:51.192 [http-nio-8080-exec-7] DEBUG o.s.w.s.m.m.a.HttpEntityMethodProcessor - Nothing to write: null body
2026-01-13 15:16:51.192 [http-nio-8080-exec-7] DEBUG o.s.web.servlet.DispatcherServlet - Completed 204 NO_CONTENT
2026-01-13 15:16:51.256 [http-nio-8080-exec-8] DEBUG o.s.security.web.FilterChainProxy - Securing DELETE /api/operations/1
2026-01-13 15:16:51.257 [http-nio-8080-exec-8] INFO  lab5.service.UserService - Поиск пользователя по имени: user1
2026-01-13 15:16:51.261 [http-nio-8080-exec-8] DEBUG org.hibernate.SQL - 
    select
        ue1_0.id,
        ue1_0.created_at,
        ue1_0.email,
        ue1_0.password_hash,
        ue1_0.role_id,
        r1_0.id,
        r1_0.name,
        ue1_0.updated_at,
        ue1_0.username 
    from
        users ue1_0 
    join
        roles r1_0 
            on r1_0.id=ue1_0.role_id 
    where
        ue1_0.username=?
2026-01-13 15:16:51.263 [http-nio-8080-exec-8] DEBUG lab5.service.UserService - Найден пользователь по имени: ID=2, Username=user1
2026-01-13 15:16:51.354 [http-nio-8080-exec-8] DEBUG o.s.s.a.d.DaoAuthenticationProvider - Authenticated user
2026-01-13 15:16:51.354 [http-nio-8080-exec-8] DEBUG o.s.s.w.a.w.BasicAuthenticationFilter - Set SecurityContextHolder to UsernamePasswordAuthenticationToken [Principal=org.springframework.security.core.userdetails.User [Username=user1, Password=[PROTECTED], Enabled=true, AccountNonExpired=true, CredentialsNonExpired=true, AccountNonLocked=true, Granted Authorities=[ROLE_ADMIN]], Credentials=[PROTECTED], Authenticated=true, Details=WebAuthenticationDetails [RemoteIpAddress=0:0:0:0:0:0:0:1, SessionId=null], Granted Authorities=[ROLE_ADMIN]]
2026-01-13 15:16:51.354 [http-nio-8080-exec-8] DEBUG o.s.security.web.FilterChainProxy - Secured DELETE /api/operations/1
2026-01-13 15:16:51.354 [http-nio-8080-exec-8] DEBUG o.s.web.servlet.DispatcherServlet - DELETE "/api/operations/1", parameters={}
2026-01-13 15:16:51.355 [http-nio-8080-exec-8] DEBUG o.s.w.s.m.m.a.RequestMappingHandlerMapping - Mapped to lab5.controller.OperationController#deleteOperation(Long)
2026-01-13 15:16:51.355 [http-nio-8080-exec-8] INFO  lab5.controller.OperationController - Получен запрос на удаление операции с ID: 1
2026-01-13 15:16:51.356 [http-nio-8080-exec-8] INFO  lab5.service.OperationService - Deleting operation ID: 1
2026-01-13 15:16:51.360 [http-nio-8080-exec-8] DEBUG org.hibernate.SQL - 
    select
        count(*) 
    from
        operations oe1_0 
    where
        oe1_0.id=?
2026-01-13 15:16:51.363 [http-nio-8080-exec-8] DEBUG org.hibernate.SQL - 
    select
        oe1_0.id,
        oe1_0.computed_at,
        oe1_0.function1_id,
        oe1_0.function2_id,
        oe1_0.operation_type,
        oe1_0.parameters,
        oe1_0.result_function_id,
        oe1_0.updated_at,
        oe1_0.user_id 
    from
        operations oe1_0 
    where
        oe1_0.id=?
2026-01-13 15:16:51.366 [http-nio-8080-exec-8] DEBUG org.hibernate.SQL - 
    delete 
    from
        operations 
    where
        id=?
2026-01-13 15:16:51.368 [http-nio-8080-exec-8] INFO  lab5.controller.OperationController - Операция с ID 1 удалена.
2026-01-13 15:16:51.369 [http-nio-8080-exec-8] DEBUG o.s.w.s.m.m.a.HttpEntityMethodProcessor - Using 'application/json', given [*/*] and supported [application/json, application/*+json]
2026-01-13 15:16:51.369 [http-nio-8080-exec-8] DEBUG o.s.w.s.m.m.a.HttpEntityMethodProcessor - Nothing to write: null body
2026-01-13 15:16:51.369 [http-nio-8080-exec-8] DEBUG o.s.web.servlet.DispatcherServlet - Completed 204 NO_CONTENT
2026-01-13 15:16:51.459 [http-nio-8080-exec-10] DEBUG o.s.security.web.FilterChainProxy - Securing DELETE /api/functions/2
2026-01-13 15:16:51.460 [http-nio-8080-exec-10] INFO  lab5.service.UserService - Поиск пользователя по имени: user1
2026-01-13 15:16:51.463 [http-nio-8080-exec-10] DEBUG org.hibernate.SQL - 
    select
        ue1_0.id,
        ue1_0.created_at,
        ue1_0.email,
        ue1_0.password_hash,
        ue1_0.role_id,
        r1_0.id,
        r1_0.name,
        ue1_0.updated_at,
        ue1_0.username 
    from
        users ue1_0 
    join
        roles r1_0 
            on r1_0.id=ue1_0.role_id 
    where
        ue1_0.username=?
2026-01-13 15:16:51.465 [http-nio-8080-exec-10] DEBUG lab5.service.UserService - Найден пользователь по имени: ID=2, Username=user1
2026-01-13 15:16:51.549 [http-nio-8080-exec-10] DEBUG o.s.s.a.d.DaoAuthenticationProvider - Authenticated user
2026-01-13 15:16:51.550 [http-nio-8080-exec-10] DEBUG o.s.s.w.a.w.BasicAuthenticationFilter - Set SecurityContextHolder to UsernamePasswordAuthenticationToken [Principal=org.springframework.security.core.userdetails.User [Username=user1, Password=[PROTECTED], Enabled=true, AccountNonExpired=true, CredentialsNonExpired=true, AccountNonLocked=true, Granted Authorities=[ROLE_ADMIN]], Credentials=[PROTECTED], Authenticated=true, Details=WebAuthenticationDetails [RemoteIpAddress=0:0:0:0:0:0:0:1, SessionId=null], Granted Authorities=[ROLE_ADMIN]]
2026-01-13 15:16:51.550 [http-nio-8080-exec-10] DEBUG o.s.security.web.FilterChainProxy - Secured DELETE /api/functions/2
2026-01-13 15:16:51.550 [http-nio-8080-exec-10] DEBUG o.s.web.servlet.DispatcherServlet - DELETE "/api/functions/2", parameters={}
2026-01-13 15:16:51.551 [http-nio-8080-exec-10] DEBUG o.s.w.s.m.m.a.RequestMappingHandlerMapping - Mapped to lab5.controller.FunctionController#deleteFunction(Long, Authentication)
2026-01-13 15:16:51.553 [http-nio-8080-exec-10] DEBUG o.s.s.a.m.AuthorizationManagerBeforeMethodInterceptor - Authorizing method invocation ReflectiveMethodInvocation: public org.springframework.http.ResponseEntity lab5.controller.FunctionController.deleteFunction(java.lang.Long,org.springframework.security.core.Authentication); target is of class [lab5.controller.FunctionController]
2026-01-13 15:16:51.553 [http-nio-8080-exec-10] DEBUG o.s.s.a.m.AuthorizationManagerBeforeMethodInterceptor - Authorized method invocation ReflectiveMethodInvocation: public org.springframework.http.ResponseEntity lab5.controller.FunctionController.deleteFunction(java.lang.Long,org.springframework.security.core.Authentication); target is of class [lab5.controller.FunctionController]
2026-01-13 15:16:51.553 [http-nio-8080-exec-10] INFO  lab5.controller.FunctionController - Получен запрос на удаление функции с ID: 2
2026-01-13 15:16:51.554 [http-nio-8080-exec-10] INFO  lab5.service.SearchService - Поиск функции по ID: 2
2026-01-13 15:16:51.555 [http-nio-8080-exec-10] DEBUG org.hibernate.SQL - 
    select
        fe1_0.id,
        fe1_0.created_at,
        fe1_0.expression,
        fe1_0.left_bound,
        fe1_0.name,
        fe1_0.points_count,
        fe1_0.points_data,
        fe1_0.right_bound,
        fe1_0.type,
        fe1_0.updated_at,
        fe1_0.user_id 
    from
        functions fe1_0 
    where
        fe1_0.id=?
2026-01-13 15:16:51.558 [http-nio-8080-exec-10] DEBUG lab5.service.SearchService - Найдена функция: ID=2, Name=updated_func_1768281757087
2026-01-13 15:16:51.559 [http-nio-8080-exec-10] INFO  lab5.service.UserService - Поиск пользователя по имени: user1
2026-01-13 15:16:51.563 [http-nio-8080-exec-10] DEBUG org.hibernate.SQL - 
    select
        ue1_0.id,
        ue1_0.created_at,
        ue1_0.email,
        ue1_0.password_hash,
        ue1_0.role_id,
        r1_0.id,
        r1_0.name,
        ue1_0.updated_at,
        ue1_0.username 
    from
        users ue1_0 
    join
        roles r1_0 
            on r1_0.id=ue1_0.role_id 
    where
        ue1_0.username=?
2026-01-13 15:16:51.565 [http-nio-8080-exec-10] DEBUG lab5.service.UserService - Найден пользователь по имени: ID=2, Username=user1
2026-01-13 15:16:51.570 [http-nio-8080-exec-10] DEBUG org.hibernate.SQL - 
    select
        count(*) 
    from
        functions fe1_0 
    where
        fe1_0.id=?
2026-01-13 15:16:51.574 [http-nio-8080-exec-10] INFO  lab5.service.SearchService - Функция с ID 2 удалена
2026-01-13 15:16:51.575 [http-nio-8080-exec-10] DEBUG org.hibernate.SQL - 
    delete 
    from
        functions 
    where
        id=?
2026-01-13 15:16:51.578 [http-nio-8080-exec-10] INFO  lab5.controller.FunctionController - Функция с ID 2 удалена.
2026-01-13 15:16:51.579 [http-nio-8080-exec-10] DEBUG o.s.w.s.m.m.a.HttpEntityMethodProcessor - Using 'application/octet-stream', given [*/*] and supported [*/*]
2026-01-13 15:16:51.579 [http-nio-8080-exec-10] DEBUG o.s.web.servlet.DispatcherServlet - Completed 204 NO_CONTENT
2026-01-13 15:16:51.677 [http-nio-8080-exec-9] DEBUG o.s.security.web.FilterChainProxy - Securing DELETE /api/users/5
2026-01-13 15:16:51.677 [http-nio-8080-exec-9] INFO  lab5.service.UserService - Поиск пользователя по имени: user1
2026-01-13 15:16:51.680 [http-nio-8080-exec-9] DEBUG org.hibernate.SQL - 
    select
        ue1_0.id,
        ue1_0.created_at,
        ue1_0.email,
        ue1_0.password_hash,
        ue1_0.role_id,
        r1_0.id,
        r1_0.name,
        ue1_0.updated_at,
        ue1_0.username 
    from
        users ue1_0 
    join
        roles r1_0 
            on r1_0.id=ue1_0.role_id 
    where
        ue1_0.username=?
2026-01-13 15:16:51.682 [http-nio-8080-exec-9] DEBUG lab5.service.UserService - Найден пользователь по имени: ID=2, Username=user1
2026-01-13 15:16:51.783 [http-nio-8080-exec-9] DEBUG o.s.s.a.d.DaoAuthenticationProvider - Authenticated user
2026-01-13 15:16:51.783 [http-nio-8080-exec-9] DEBUG o.s.s.w.a.w.BasicAuthenticationFilter - Set SecurityContextHolder to UsernamePasswordAuthenticationToken [Principal=org.springframework.security.core.userdetails.User [Username=user1, Password=[PROTECTED], Enabled=true, AccountNonExpired=true, CredentialsNonExpired=true, AccountNonLocked=true, Granted Authorities=[ROLE_ADMIN]], Credentials=[PROTECTED], Authenticated=true, Details=WebAuthenticationDetails [RemoteIpAddress=0:0:0:0:0:0:0:1, SessionId=null], Granted Authorities=[ROLE_ADMIN]]
2026-01-13 15:16:51.784 [http-nio-8080-exec-9] DEBUG o.s.security.web.FilterChainProxy - Secured DELETE /api/users/5
2026-01-13 15:16:51.784 [http-nio-8080-exec-9] DEBUG o.s.web.servlet.DispatcherServlet - DELETE "/api/users/5", parameters={}
2026-01-13 15:16:51.785 [http-nio-8080-exec-9] DEBUG o.s.w.s.m.m.a.RequestMappingHandlerMapping - Mapped to lab5.controller.UserController#deleteUser(Long, Authentication)
2026-01-13 15:16:51.786 [http-nio-8080-exec-9] DEBUG o.s.s.a.m.AuthorizationManagerBeforeMethodInterceptor - Authorizing method invocation ReflectiveMethodInvocation: public org.springframework.http.ResponseEntity lab5.controller.UserController.deleteUser(java.lang.Long,org.springframework.security.core.Authentication); target is of class [lab5.controller.UserController]
2026-01-13 15:16:51.787 [http-nio-8080-exec-9] DEBUG o.s.s.a.m.AuthorizationManagerBeforeMethodInterceptor - Authorized method invocation ReflectiveMethodInvocation: public org.springframework.http.ResponseEntity lab5.controller.UserController.deleteUser(java.lang.Long,org.springframework.security.core.Authentication); target is of class [lab5.controller.UserController]
2026-01-13 15:16:51.787 [http-nio-8080-exec-9] INFO  lab5.controller.UserController - Получен запрос на удаление пользователя с ID: 5
2026-01-13 15:16:51.787 [http-nio-8080-exec-9] INFO  lab5.service.UserService - Поиск пользователя по имени: user1
2026-01-13 15:16:51.791 [http-nio-8080-exec-9] DEBUG org.hibernate.SQL - 
    select
        ue1_0.id,
        ue1_0.created_at,
        ue1_0.email,
        ue1_0.password_hash,
        ue1_0.role_id,
        r1_0.id,
        r1_0.name,
        ue1_0.updated_at,
        ue1_0.username 
    from
        users ue1_0 
    join
        roles r1_0 
            on r1_0.id=ue1_0.role_id 
    where
        ue1_0.username=?
2026-01-13 15:16:51.793 [http-nio-8080-exec-9] DEBUG lab5.service.UserService - Найден пользователь по имени: ID=2, Username=user1
2026-01-13 15:16:51.794 [http-nio-8080-exec-9] INFO  lab5.service.UserService - Поиск пользователя по ID: 5
2026-01-13 15:16:51.795 [http-nio-8080-exec-9] DEBUG org.hibernate.SQL - 
    select
        ue1_0.id,
        ue1_0.created_at,
        ue1_0.email,
        ue1_0.password_hash,
        ue1_0.role_id,
        r1_0.id,
        r1_0.name,
        ue1_0.updated_at,
        ue1_0.username 
    from
        users ue1_0 
    join
        roles r1_0 
            on r1_0.id=ue1_0.role_id 
    where
        ue1_0.id=?
2026-01-13 15:16:51.797 [http-nio-8080-exec-9] DEBUG lab5.service.UserService - Найден пользователь: ID=5, Username=updated_user_1768281757087
2026-01-13 15:16:51.798 [http-nio-8080-exec-9] INFO  lab5.service.UserService - Удаление пользователя с ID: 5
2026-01-13 15:16:51.801 [http-nio-8080-exec-9] INFO  lab5.service.UserService - Пользователь с ID 5 удален
2026-01-13 15:16:51.803 [http-nio-8080-exec-9] DEBUG org.hibernate.SQL - 
    delete 
    from
        users 
    where
        id=?
2026-01-13 15:16:51.808 [http-nio-8080-exec-9] INFO  lab5.controller.UserController - Пользователь с ID 5 удалён.
2026-01-13 15:16:51.810 [http-nio-8080-exec-9] DEBUG o.s.w.s.m.m.a.HttpEntityMethodProcessor - Using 'application/octet-stream', given [*/*] and supported [*/*]
2026-01-13 15:16:51.811 [http-nio-8080-exec-9] DEBUG o.s.web.servlet.DispatcherServlet - Completed 204 NO_CONTENT
2026-01-13 15:16:51.912 [http-nio-8080-exec-5] DEBUG o.s.security.web.FilterChainProxy - Securing GET /api/users
2026-01-13 15:16:51.913 [http-nio-8080-exec-5] INFO  lab5.service.UserService - Поиск пользователя по имени: user1
2026-01-13 15:16:51.919 [http-nio-8080-exec-5] DEBUG org.hibernate.SQL - 
    select
        ue1_0.id,
        ue1_0.created_at,
        ue1_0.email,
        ue1_0.password_hash,
        ue1_0.role_id,
        r1_0.id,
        r1_0.name,
        ue1_0.updated_at,
        ue1_0.username 
    from
        users ue1_0 
    join
        roles r1_0 
            on r1_0.id=ue1_0.role_id 
    where
        ue1_0.username=?
2026-01-13 15:16:51.921 [http-nio-8080-exec-5] DEBUG lab5.service.UserService - Найден пользователь по имени: ID=2, Username=user1
2026-01-13 15:16:52.034 [http-nio-8080-exec-5] DEBUG o.s.s.a.d.DaoAuthenticationProvider - Authenticated user
2026-01-13 15:16:52.034 [http-nio-8080-exec-5] DEBUG o.s.s.w.a.w.BasicAuthenticationFilter - Set SecurityContextHolder to UsernamePasswordAuthenticationToken [Principal=org.springframework.security.core.userdetails.User [Username=user1, Password=[PROTECTED], Enabled=true, AccountNonExpired=true, CredentialsNonExpired=true, AccountNonLocked=true, Granted Authorities=[ROLE_ADMIN]], Credentials=[PROTECTED], Authenticated=true, Details=WebAuthenticationDetails [RemoteIpAddress=0:0:0:0:0:0:0:1, SessionId=null], Granted Authorities=[ROLE_ADMIN]]
2026-01-13 15:16:52.035 [http-nio-8080-exec-5] DEBUG o.s.security.web.FilterChainProxy - Secured GET /api/users
2026-01-13 15:16:52.035 [http-nio-8080-exec-5] DEBUG o.s.web.servlet.DispatcherServlet - GET "/api/users", parameters={}
2026-01-13 15:16:52.035 [http-nio-8080-exec-5] DEBUG o.s.w.s.m.m.a.RequestMappingHandlerMapping - Mapped to lab5.controller.UserController#getAllUsers(String, String)
2026-01-13 15:16:52.036 [http-nio-8080-exec-5] DEBUG o.s.s.a.m.AuthorizationManagerBeforeMethodInterceptor - Authorizing method invocation ReflectiveMethodInvocation: public org.springframework.http.ResponseEntity lab5.controller.UserController.getAllUsers(java.lang.String,java.lang.String); target is of class [lab5.controller.UserController]
2026-01-13 15:16:52.036 [http-nio-8080-exec-5] DEBUG o.s.s.a.m.AuthorizationManagerBeforeMethodInterceptor - Authorized method invocation ReflectiveMethodInvocation: public org.springframework.http.ResponseEntity lab5.controller.UserController.getAllUsers(java.lang.String,java.lang.String); target is of class [lab5.controller.UserController]
2026-01-13 15:16:52.037 [http-nio-8080-exec-5] INFO  lab5.controller.UserController - Получен запрос на получение всех пользователей, сортировка: id:asc
2026-01-13 15:16:52.037 [http-nio-8080-exec-5] INFO  lab5.service.SearchService - Поиск всех пользователей с сортировкой по полю 'id' в направлении 'asc'
2026-01-13 15:16:52.039 [http-nio-8080-exec-5] DEBUG org.hibernate.SQL - 
    select
        ue1_0.id,
        ue1_0.created_at,
        ue1_0.email,
        ue1_0.password_hash,
        ue1_0.role_id,
        ue1_0.updated_at,
        ue1_0.username 
    from
        users ue1_0 
    order by
        ue1_0.id
2026-01-13 15:16:52.042 [http-nio-8080-exec-5] DEBUG org.hibernate.SQL - 
    select
        re1_0.id,
        re1_0.name 
    from
        roles re1_0 
    where
        re1_0.id=?
2026-01-13 15:16:52.044 [http-nio-8080-exec-5] DEBUG org.hibernate.SQL - 
    select
        re1_0.id,
        re1_0.name 
    from
        roles re1_0 
    where
        re1_0.id=?
2026-01-13 15:16:52.045 [http-nio-8080-exec-5] DEBUG lab5.service.SearchService - Найдено 4 пользователей.
2026-01-13 15:16:52.045 [http-nio-8080-exec-5] DEBUG lab5.controller.UserController - Найдено 4 пользователей.
2026-01-13 15:16:52.046 [http-nio-8080-exec-5] DEBUG o.s.w.s.m.m.a.HttpEntityMethodProcessor - Using 'application/json', given [*/*] and supported [application/json, application/*+json]
2026-01-13 15:16:52.047 [http-nio-8080-exec-5] DEBUG o.s.w.s.m.m.a.HttpEntityMethodProcessor - Writing [[lab5.dto.UserDTO@727c006e, lab5.dto.UserDTO@2a4518fe, lab5.dto.UserDTO@6ffba140, lab5.dto.UserDTO@4 (truncated)...]
2026-01-13 15:16:52.048 [http-nio-8080-exec-5] DEBUG o.s.web.servlet.DispatcherServlet - Completed 200 OK
2026-01-13 15:16:52.161 [http-nio-8080-exec-1] DEBUG o.s.security.web.FilterChainProxy - Securing DELETE /api/users/1
2026-01-13 15:16:52.162 [http-nio-8080-exec-1] INFO  lab5.service.UserService - Поиск пользователя по имени: user1
2026-01-13 15:16:52.165 [http-nio-8080-exec-1] DEBUG org.hibernate.SQL - 
    select
        ue1_0.id,
        ue1_0.created_at,
        ue1_0.email,
        ue1_0.password_hash,
        ue1_0.role_id,
        r1_0.id,
        r1_0.name,
        ue1_0.updated_at,
        ue1_0.username 
    from
        users ue1_0 
    join
        roles r1_0 
            on r1_0.id=ue1_0.role_id 
    where
        ue1_0.username=?
2026-01-13 15:16:52.168 [http-nio-8080-exec-1] DEBUG lab5.service.UserService - Найден пользователь по имени: ID=2, Username=user1
2026-01-13 15:16:52.261 [http-nio-8080-exec-1] DEBUG o.s.s.a.d.DaoAuthenticationProvider - Authenticated user
2026-01-13 15:16:52.261 [http-nio-8080-exec-1] DEBUG o.s.s.w.a.w.BasicAuthenticationFilter - Set SecurityContextHolder to UsernamePasswordAuthenticationToken [Principal=org.springframework.security.core.userdetails.User [Username=user1, Password=[PROTECTED], Enabled=true, AccountNonExpired=true, CredentialsNonExpired=true, AccountNonLocked=true, Granted Authorities=[ROLE_ADMIN]], Credentials=[PROTECTED], Authenticated=true, Details=WebAuthenticationDetails [RemoteIpAddress=0:0:0:0:0:0:0:1, SessionId=null], Granted Authorities=[ROLE_ADMIN]]
2026-01-13 15:16:52.263 [http-nio-8080-exec-1] DEBUG o.s.security.web.FilterChainProxy - Secured DELETE /api/users/1
2026-01-13 15:16:52.263 [http-nio-8080-exec-1] DEBUG o.s.web.servlet.DispatcherServlet - DELETE "/api/users/1", parameters={}
2026-01-13 15:16:52.263 [http-nio-8080-exec-1] DEBUG o.s.w.s.m.m.a.RequestMappingHandlerMapping - Mapped to lab5.controller.UserController#deleteUser(Long, Authentication)
2026-01-13 15:16:52.264 [http-nio-8080-exec-1] DEBUG o.s.s.a.m.AuthorizationManagerBeforeMethodInterceptor - Authorizing method invocation ReflectiveMethodInvocation: public org.springframework.http.ResponseEntity lab5.controller.UserController.deleteUser(java.lang.Long,org.springframework.security.core.Authentication); target is of class [lab5.controller.UserController]
2026-01-13 15:16:52.264 [http-nio-8080-exec-1] DEBUG o.s.s.a.m.AuthorizationManagerBeforeMethodInterceptor - Authorized method invocation ReflectiveMethodInvocation: public org.springframework.http.ResponseEntity lab5.controller.UserController.deleteUser(java.lang.Long,org.springframework.security.core.Authentication); target is of class [lab5.controller.UserController]
2026-01-13 15:16:52.264 [http-nio-8080-exec-1] INFO  lab5.controller.UserController - Получен запрос на удаление пользователя с ID: 1
2026-01-13 15:16:52.264 [http-nio-8080-exec-1] INFO  lab5.service.UserService - Поиск пользователя по имени: user1
2026-01-13 15:16:52.267 [http-nio-8080-exec-1] DEBUG org.hibernate.SQL - 
    select
        ue1_0.id,
        ue1_0.created_at,
        ue1_0.email,
        ue1_0.password_hash,
        ue1_0.role_id,
        r1_0.id,
        r1_0.name,
        ue1_0.updated_at,
        ue1_0.username 
    from
        users ue1_0 
    join
        roles r1_0 
            on r1_0.id=ue1_0.role_id 
    where
        ue1_0.username=?
2026-01-13 15:16:52.269 [http-nio-8080-exec-1] DEBUG lab5.service.UserService - Найден пользователь по имени: ID=2, Username=user1
2026-01-13 15:16:52.270 [http-nio-8080-exec-1] INFO  lab5.service.UserService - Поиск пользователя по ID: 1
2026-01-13 15:16:52.271 [http-nio-8080-exec-1] DEBUG org.hibernate.SQL - 
    select
        ue1_0.id,
        ue1_0.created_at,
        ue1_0.email,
        ue1_0.password_hash,
        ue1_0.role_id,
        r1_0.id,
        r1_0.name,
        ue1_0.updated_at,
        ue1_0.username 
    from
        users ue1_0 
    join
        roles r1_0 
            on r1_0.id=ue1_0.role_id 
    where
        ue1_0.id=?
2026-01-13 15:16:52.272 [http-nio-8080-exec-1] DEBUG lab5.service.UserService - Найден пользователь: ID=1, Username=admin
2026-01-13 15:16:52.273 [http-nio-8080-exec-1] INFO  lab5.service.UserService - Удаление пользователя с ID: 1
2026-01-13 15:16:52.273 [http-nio-8080-exec-1] WARN  lab5.service.UserService - Попытка удаления пользователя с ролью ADMIN, ID: 1
2026-01-13 15:16:52.273 [http-nio-8080-exec-1] INFO  lab5.service.UserService - Пользователь с ID 1 удален
2026-01-13 15:16:52.274 [http-nio-8080-exec-1] DEBUG org.hibernate.SQL - 
    delete 
    from
        users 
    where
        id=?
2026-01-13 15:16:52.276 [http-nio-8080-exec-1] INFO  lab5.controller.UserController - Пользователь с ID 1 удалён.
2026-01-13 15:16:52.278 [http-nio-8080-exec-1] DEBUG o.s.w.s.m.m.a.HttpEntityMethodProcessor - Using 'application/octet-stream', given [*/*] and supported [*/*]
2026-01-13 15:16:52.278 [http-nio-8080-exec-1] DEBUG o.s.web.servlet.DispatcherServlet - Completed 204 NO_CONTENT
2026-01-13 15:16:52.380 [http-nio-8080-exec-2] DEBUG o.s.security.web.FilterChainProxy - Securing GET /api/users/1
2026-01-13 15:16:52.381 [http-nio-8080-exec-2] INFO  lab5.service.UserService - Поиск пользователя по имени: user1
2026-01-13 15:16:52.384 [http-nio-8080-exec-2] DEBUG org.hibernate.SQL - 
    select
        ue1_0.id,
        ue1_0.created_at,
        ue1_0.email,
        ue1_0.password_hash,
        ue1_0.role_id,
        r1_0.id,
        r1_0.name,
        ue1_0.updated_at,
        ue1_0.username 
    from
        users ue1_0 
    join
        roles r1_0 
            on r1_0.id=ue1_0.role_id 
    where
        ue1_0.username=?
2026-01-13 15:16:52.386 [http-nio-8080-exec-2] DEBUG lab5.service.UserService - Найден пользователь по имени: ID=2, Username=user1
2026-01-13 15:16:52.478 [http-nio-8080-exec-2] DEBUG o.s.s.a.d.DaoAuthenticationProvider - Authenticated user
2026-01-13 15:16:52.478 [http-nio-8080-exec-2] DEBUG o.s.s.w.a.w.BasicAuthenticationFilter - Set SecurityContextHolder to UsernamePasswordAuthenticationToken [Principal=org.springframework.security.core.userdetails.User [Username=user1, Password=[PROTECTED], Enabled=true, AccountNonExpired=true, CredentialsNonExpired=true, AccountNonLocked=true, Granted Authorities=[ROLE_ADMIN]], Credentials=[PROTECTED], Authenticated=true, Details=WebAuthenticationDetails [RemoteIpAddress=0:0:0:0:0:0:0:1, SessionId=null], Granted Authorities=[ROLE_ADMIN]]
2026-01-13 15:16:52.479 [http-nio-8080-exec-2] DEBUG o.s.security.web.FilterChainProxy - Secured GET /api/users/1
2026-01-13 15:16:52.479 [http-nio-8080-exec-2] DEBUG o.s.web.servlet.DispatcherServlet - GET "/api/users/1", parameters={}
2026-01-13 15:16:52.479 [http-nio-8080-exec-2] DEBUG o.s.w.s.m.m.a.RequestMappingHandlerMapping - Mapped to lab5.controller.UserController#getUserById(Long, Authentication)
2026-01-13 15:16:52.480 [http-nio-8080-exec-2] DEBUG o.s.s.a.m.AuthorizationManagerBeforeMethodInterceptor - Authorizing method invocation ReflectiveMethodInvocation: public org.springframework.http.ResponseEntity lab5.controller.UserController.getUserById(java.lang.Long,org.springframework.security.core.Authentication); target is of class [lab5.controller.UserController]
2026-01-13 15:16:52.481 [http-nio-8080-exec-2] DEBUG o.s.s.a.m.AuthorizationManagerBeforeMethodInterceptor - Authorized method invocation ReflectiveMethodInvocation: public org.springframework.http.ResponseEntity lab5.controller.UserController.getUserById(java.lang.Long,org.springframework.security.core.Authentication); target is of class [lab5.controller.UserController]
2026-01-13 15:16:52.481 [http-nio-8080-exec-2] INFO  lab5.controller.UserController - Получен запрос на получение пользователя по ID: 1
2026-01-13 15:16:52.481 [http-nio-8080-exec-2] INFO  lab5.service.UserService - Поиск пользователя по имени: user1
2026-01-13 15:16:52.485 [http-nio-8080-exec-2] DEBUG org.hibernate.SQL - 
    select
        ue1_0.id,
        ue1_0.created_at,
        ue1_0.email,
        ue1_0.password_hash,
        ue1_0.role_id,
        r1_0.id,
        r1_0.name,
        ue1_0.updated_at,
        ue1_0.username 
    from
        users ue1_0 
    join
        roles r1_0 
            on r1_0.id=ue1_0.role_id 
    where
        ue1_0.username=?
2026-01-13 15:16:52.487 [http-nio-8080-exec-2] DEBUG lab5.service.UserService - Найден пользователь по имени: ID=2, Username=user1
2026-01-13 15:16:52.487 [http-nio-8080-exec-2] INFO  lab5.service.UserService - Поиск пользователя по ID: 1
2026-01-13 15:16:52.488 [http-nio-8080-exec-2] DEBUG org.hibernate.SQL - 
    select
        ue1_0.id,
        ue1_0.created_at,
        ue1_0.email,
        ue1_0.password_hash,
        ue1_0.role_id,
        r1_0.id,
        r1_0.name,
        ue1_0.updated_at,
        ue1_0.username 
    from
        users ue1_0 
    join
        roles r1_0 
            on r1_0.id=ue1_0.role_id 
    where
        ue1_0.id=?
2026-01-13 15:16:52.489 [http-nio-8080-exec-2] WARN  lab5.service.UserService - Пользователь с ID 1 не найден.
2026-01-13 15:16:52.489 [http-nio-8080-exec-2] WARN  lab5.controller.UserController - Пользователь с ID '1' не найден.
2026-01-13 15:16:52.492 [http-nio-8080-exec-2] DEBUG o.s.w.s.m.m.a.HttpEntityMethodProcessor - Using 'application/json', given [*/*] and supported [application/json, application/*+json]
2026-01-13 15:16:52.493 [http-nio-8080-exec-2] DEBUG o.s.w.s.m.m.a.HttpEntityMethodProcessor - Writing [{error=Пользователь с ID 1 не найден}]
2026-01-13 15:16:52.496 [http-nio-8080-exec-2] DEBUG o.s.web.servlet.DispatcherServlet - Completed 404 NOT_FOUND
2026-01-13 15:16:52.564 [http-nio-8080-exec-4] DEBUG o.s.security.web.FilterChainProxy - Securing POST /api/users/with-role
2026-01-13 15:16:52.565 [http-nio-8080-exec-4] INFO  lab5.service.UserService - Поиск пользователя по имени: user1
2026-01-13 15:16:52.586 [http-nio-8080-exec-4] DEBUG org.hibernate.SQL - 
    select
        ue1_0.id,
        ue1_0.created_at,
        ue1_0.email,
        ue1_0.password_hash,
        ue1_0.role_id,
        r1_0.id,
        r1_0.name,
        ue1_0.updated_at,
        ue1_0.username 
    from
        users ue1_0 
    join
        roles r1_0 
            on r1_0.id=ue1_0.role_id 
    where
        ue1_0.username=?
2026-01-13 15:16:52.589 [http-nio-8080-exec-4] DEBUG lab5.service.UserService - Найден пользователь по имени: ID=2, Username=user1
2026-01-13 15:16:52.689 [http-nio-8080-exec-4] DEBUG o.s.s.a.d.DaoAuthenticationProvider - Authenticated user
2026-01-13 15:16:52.689 [http-nio-8080-exec-4] DEBUG o.s.s.w.a.w.BasicAuthenticationFilter - Set SecurityContextHolder to UsernamePasswordAuthenticationToken [Principal=org.springframework.security.core.userdetails.User [Username=user1, Password=[PROTECTED], Enabled=true, AccountNonExpired=true, CredentialsNonExpired=true, AccountNonLocked=true, Granted Authorities=[ROLE_ADMIN]], Credentials=[PROTECTED], Authenticated=true, Details=WebAuthenticationDetails [RemoteIpAddress=0:0:0:0:0:0:0:1, SessionId=null], Granted Authorities=[ROLE_ADMIN]]
2026-01-13 15:16:52.689 [http-nio-8080-exec-4] DEBUG o.s.security.web.FilterChainProxy - Secured POST /api/users/with-role
2026-01-13 15:16:52.690 [http-nio-8080-exec-4] DEBUG o.s.web.servlet.DispatcherServlet - POST "/api/users/with-role", parameters={}
2026-01-13 15:16:52.690 [http-nio-8080-exec-4] DEBUG o.s.w.s.m.m.a.RequestMappingHandlerMapping - Mapped to lab5.controller.UserController#createUserWithRole(UserWithRoleDTO)
2026-01-13 15:16:52.695 [http-nio-8080-exec-4] DEBUG o.s.w.s.m.m.a.RequestResponseBodyMethodProcessor - Read "application/json;charset=UTF-8" to [lab5.dto.UserWithRoleDTO@4ffc8d3b]
2026-01-13 15:16:52.695 [http-nio-8080-exec-4] DEBUG o.s.s.a.m.AuthorizationManagerBeforeMethodInterceptor - Authorizing method invocation ReflectiveMethodInvocation: public org.springframework.http.ResponseEntity lab5.controller.UserController.createUserWithRole(lab5.dto.UserWithRoleDTO); target is of class [lab5.controller.UserController]
2026-01-13 15:16:52.696 [http-nio-8080-exec-4] DEBUG o.s.s.a.m.AuthorizationManagerBeforeMethodInterceptor - Authorized method invocation ReflectiveMethodInvocation: public org.springframework.http.ResponseEntity lab5.controller.UserController.createUserWithRole(lab5.dto.UserWithRoleDTO); target is of class [lab5.controller.UserController]
2026-01-13 15:16:52.696 [http-nio-8080-exec-4] INFO  lab5.controller.UserController - Получен запрос на создание пользователя с ролью: new_user_for_test_1768281757087
2026-01-13 15:16:52.698 [http-nio-8080-exec-4] INFO  lab5.service.UserService - Создание пользователя с ролью: username='new_user_for_test_1768281757087', email='new_test_1768281757087@example.com', roleId=2
2026-01-13 15:16:52.700 [http-nio-8080-exec-4] DEBUG org.hibernate.SQL - 
    select
        ue1_0.id 
    from
        users ue1_0 
    where
        ue1_0.username=? 
    fetch
        first ? rows only
2026-01-13 15:16:52.703 [http-nio-8080-exec-4] DEBUG org.hibernate.SQL - 
    select
        ue1_0.id 
    from
        users ue1_0 
    where
        ue1_0.email=? 
    fetch
        first ? rows only
2026-01-13 15:16:52.705 [http-nio-8080-exec-4] DEBUG org.hibernate.SQL - 
    select
        re1_0.id,
        re1_0.name 
    from
        roles re1_0 
    where
        re1_0.id=?
2026-01-13 15:16:52.785 [http-nio-8080-exec-4] DEBUG org.hibernate.SQL - 
    insert 
    into
        users
        (created_at, email, password_hash, role_id, updated_at, username) 
    values
        (?, ?, ?, ?, ?, ?) 
    returning id
2026-01-13 15:16:52.787 [http-nio-8080-exec-4] INFO  lab5.service.UserService - Пользователь с ролью успешно создан с ID: 6
2026-01-13 15:16:52.790 [http-nio-8080-exec-4] INFO  lab5.controller.UserController - Пользователь с ролью создан с ID: 6
2026-01-13 15:16:52.791 [http-nio-8080-exec-4] DEBUG o.s.w.s.m.m.a.HttpEntityMethodProcessor - Using 'application/json', given [*/*] and supported [application/json, application/*+json]
2026-01-13 15:16:52.792 [http-nio-8080-exec-4] DEBUG o.s.w.s.m.m.a.HttpEntityMethodProcessor - Writing [lab5.dto.UserDTO@55ae3710]
2026-01-13 15:16:52.793 [http-nio-8080-exec-4] DEBUG o.s.web.servlet.DispatcherServlet - Completed 201 CREATED
2026-01-13 15:16:52.893 [http-nio-8080-exec-6] DEBUG o.s.security.web.FilterChainProxy - Securing GET /api/functions/user/999
2026-01-13 15:16:52.894 [http-nio-8080-exec-6] INFO  lab5.service.UserService - Поиск пользователя по имени: user1
2026-01-13 15:16:52.896 [http-nio-8080-exec-6] DEBUG org.hibernate.SQL - 
    select
        ue1_0.id,
        ue1_0.created_at,
        ue1_0.email,
        ue1_0.password_hash,
        ue1_0.role_id,
        r1_0.id,
        r1_0.name,
        ue1_0.updated_at,
        ue1_0.username 
    from
        users ue1_0 
    join
        roles r1_0 
            on r1_0.id=ue1_0.role_id 
    where
        ue1_0.username=?
2026-01-13 15:16:52.898 [http-nio-8080-exec-6] DEBUG lab5.service.UserService - Найден пользователь по имени: ID=2, Username=user1
2026-01-13 15:16:52.993 [http-nio-8080-exec-6] DEBUG o.s.s.a.d.DaoAuthenticationProvider - Authenticated user
2026-01-13 15:16:52.994 [http-nio-8080-exec-6] DEBUG o.s.s.w.a.w.BasicAuthenticationFilter - Set SecurityContextHolder to UsernamePasswordAuthenticationToken [Principal=org.springframework.security.core.userdetails.User [Username=user1, Password=[PROTECTED], Enabled=true, AccountNonExpired=true, CredentialsNonExpired=true, AccountNonLocked=true, Granted Authorities=[ROLE_ADMIN]], Credentials=[PROTECTED], Authenticated=true, Details=WebAuthenticationDetails [RemoteIpAddress=0:0:0:0:0:0:0:1, SessionId=null], Granted Authorities=[ROLE_ADMIN]]
2026-01-13 15:16:52.995 [http-nio-8080-exec-6] DEBUG o.s.security.web.FilterChainProxy - Secured GET /api/functions/user/999
2026-01-13 15:16:52.995 [http-nio-8080-exec-6] DEBUG o.s.web.servlet.DispatcherServlet - GET "/api/functions/user/999", parameters={}
2026-01-13 15:16:52.996 [http-nio-8080-exec-6] DEBUG o.s.w.s.m.m.a.RequestMappingHandlerMapping - Mapped to lab5.controller.FunctionController#getFunctionsByUserId(Long, String, String, Authentication)
2026-01-13 15:16:52.998 [http-nio-8080-exec-6] DEBUG o.s.s.a.m.AuthorizationManagerBeforeMethodInterceptor - Authorizing method invocation ReflectiveMethodInvocation: public org.springframework.http.ResponseEntity lab5.controller.FunctionController.getFunctionsByUserId(java.lang.Long,java.lang.String,java.lang.String,org.springframework.security.core.Authentication); target is of class [lab5.controller.FunctionController]
2026-01-13 15:16:52.999 [http-nio-8080-exec-6] DEBUG o.s.s.a.m.AuthorizationManagerBeforeMethodInterceptor - Authorized method invocation ReflectiveMethodInvocation: public org.springframework.http.ResponseEntity lab5.controller.FunctionController.getFunctionsByUserId(java.lang.Long,java.lang.String,java.lang.String,org.springframework.security.core.Authentication); target is of class [lab5.controller.FunctionController]
2026-01-13 15:16:53.000 [http-nio-8080-exec-6] INFO  lab5.controller.FunctionController - Получен запрос на получение функций для пользователя с ID: 999, сортировка: id:asc
2026-01-13 15:16:53.000 [http-nio-8080-exec-6] INFO  lab5.service.UserService - Поиск пользователя по имени: user1
2026-01-13 15:16:53.004 [http-nio-8080-exec-6] DEBUG org.hibernate.SQL - 
    select
        ue1_0.id,
        ue1_0.created_at,
        ue1_0.email,
        ue1_0.password_hash,
        ue1_0.role_id,
        r1_0.id,
        r1_0.name,
        ue1_0.updated_at,
        ue1_0.username 
    from
        users ue1_0 
    join
        roles r1_0 
            on r1_0.id=ue1_0.role_id 
    where
        ue1_0.username=?
2026-01-13 15:16:53.006 [http-nio-8080-exec-6] DEBUG lab5.service.UserService - Найден пользователь по имени: ID=2, Username=user1
2026-01-13 15:16:53.006 [http-nio-8080-exec-6] INFO  lab5.service.UserService - Поиск пользователя по ID: 999
2026-01-13 15:16:53.007 [http-nio-8080-exec-6] DEBUG org.hibernate.SQL - 
    select
        ue1_0.id,
        ue1_0.created_at,
        ue1_0.email,
        ue1_0.password_hash,
        ue1_0.role_id,
        r1_0.id,
        r1_0.name,
        ue1_0.updated_at,
        ue1_0.username 
    from
        users ue1_0 
    join
        roles r1_0 
            on r1_0.id=ue1_0.role_id 
    where
        ue1_0.id=?
2026-01-13 15:16:53.008 [http-nio-8080-exec-6] WARN  lab5.service.UserService - Пользователь с ID 999 не найден.
2026-01-13 15:16:53.008 [http-nio-8080-exec-6] WARN  lab5.controller.FunctionController - Пользователь с ID 999 не найден.
2026-01-13 15:16:53.016 [http-nio-8080-exec-6] DEBUG o.s.w.s.m.m.a.HttpEntityMethodProcessor - Using 'application/json', given [*/*] and supported [application/json, application/*+json]
2026-01-13 15:16:53.016 [http-nio-8080-exec-6] DEBUG o.s.w.s.m.m.a.HttpEntityMethodProcessor - Writing [{error=Пользователь с ID 999 не найден}]
2026-01-13 15:16:53.018 [http-nio-8080-exec-6] DEBUG o.s.web.servlet.DispatcherServlet - Completed 404 NOT_FOUND
2026-01-13 15:16:53.116 [http-nio-8080-exec-3] DEBUG o.s.security.web.FilterChainProxy - Securing GET /
2026-01-13 15:16:53.117 [http-nio-8080-exec-3] INFO  lab5.service.UserService - Поиск пользователя по имени: user1
2026-01-13 15:16:53.120 [http-nio-8080-exec-3] DEBUG org.hibernate.SQL - 
    select
        ue1_0.id,
        ue1_0.created_at,
        ue1_0.email,
        ue1_0.password_hash,
        ue1_0.role_id,
        r1_0.id,
        r1_0.name,
        ue1_0.updated_at,
        ue1_0.username 
    from
        users ue1_0 
    join
        roles r1_0 
            on r1_0.id=ue1_0.role_id 
    where
        ue1_0.username=?
2026-01-13 15:16:53.123 [http-nio-8080-exec-3] DEBUG lab5.service.UserService - Найден пользователь по имени: ID=2, Username=user1
2026-01-13 15:16:53.231 [http-nio-8080-exec-3] DEBUG o.s.s.a.d.DaoAuthenticationProvider - Authenticated user
2026-01-13 15:16:53.232 [http-nio-8080-exec-3] DEBUG o.s.s.w.a.w.BasicAuthenticationFilter - Set SecurityContextHolder to UsernamePasswordAuthenticationToken [Principal=org.springframework.security.core.userdetails.User [Username=user1, Password=[PROTECTED], Enabled=true, AccountNonExpired=true, CredentialsNonExpired=true, AccountNonLocked=true, Granted Authorities=[ROLE_ADMIN]], Credentials=[PROTECTED], Authenticated=true, Details=WebAuthenticationDetails [RemoteIpAddress=0:0:0:0:0:0:0:1, SessionId=null], Granted Authorities=[ROLE_ADMIN]]
2026-01-13 15:16:53.233 [http-nio-8080-exec-3] DEBUG o.s.security.web.FilterChainProxy - Secured GET /
2026-01-13 15:16:53.233 [http-nio-8080-exec-3] DEBUG o.s.web.servlet.DispatcherServlet - GET "/", parameters={}
2026-01-13 15:16:53.235 [http-nio-8080-exec-3] DEBUG o.s.w.s.h.SimpleUrlHandlerMapping - Mapped to ResourceHttpRequestHandler [classpath [META-INF/resources/], classpath [resources/], classpath [static/], classpath [public/], ServletContext [/]]
2026-01-13 15:16:53.236 [http-nio-8080-exec-3] DEBUG o.s.w.s.r.ResourceHttpRequestHandler - Resource not found
2026-01-13 15:16:53.239 [http-nio-8080-exec-3] DEBUG o.s.w.s.m.m.a.ExceptionHandlerExceptionResolver - Using @ExceptionHandler lab5.GlobalExceptionHandler#handleException(Exception, WebRequest)
2026-01-13 15:16:53.256 [http-nio-8080-exec-3] DEBUG o.s.w.s.m.m.a.HttpEntityMethodProcessor - Using 'application/problem+json', given [*/*] and supported [application/problem+json]
2026-01-13 15:16:53.260 [http-nio-8080-exec-3] DEBUG o.s.w.s.m.m.a.HttpEntityMethodProcessor - Writing [ProblemDetail[type='about:blank', title='Not Found', status=404, detail='No static resource .', inst (truncated)...]
2026-01-13 15:16:53.262 [http-nio-8080-exec-3] DEBUG o.s.w.s.m.m.a.ExceptionHandlerExceptionResolver - Resolved [org.springframework.web.servlet.resource.NoResourceFoundException: No static resource .]
2026-01-13 15:16:53.262 [http-nio-8080-exec-3] DEBUG o.s.web.servlet.DispatcherServlet - Completed 404 NOT_FOUND
2026-01-13 15:17:46.688 [SpringApplicationShutdownHook] INFO  o.s.o.j.LocalContainerEntityManagerFactoryBean - Closing JPA EntityManagerFactory for persistence unit 'default'
2026-01-13 15:17:46.689 [SpringApplicationShutdownHook] DEBUG org.hibernate.SQL - 
    alter table if exists computation_cache 
       drop constraint if exists FKkg50m7xkbycubsc5u3lks7ido
2026-01-13 15:17:46.695 [SpringApplicationShutdownHook] DEBUG org.hibernate.SQL - 
    alter table if exists computation_cache 
       drop constraint if exists FK3cvhinosghqhqq2cbqn8q60k
2026-01-13 15:17:46.696 [SpringApplicationShutdownHook] DEBUG org.hibernate.SQL - 
    alter table if exists functions 
       drop constraint if exists FK5dwdmss73y84j8fqr3h3tlfe1
2026-01-13 15:17:46.698 [SpringApplicationShutdownHook] DEBUG org.hibernate.SQL - 
    alter table if exists operations 
       drop constraint if exists FKrr7vjg5kpqdd6ld8en3rmowyt
2026-01-13 15:17:46.699 [SpringApplicationShutdownHook] DEBUG org.hibernate.SQL - 
    alter table if exists operations 
       drop constraint if exists FK63e8gc6bcpn78exxxobgwlo0k
2026-01-13 15:17:46.700 [SpringApplicationShutdownHook] DEBUG org.hibernate.SQL - 
    alter table if exists operations 
       drop constraint if exists FKlceud4kqxg0t5b3g05rukw00d
2026-01-13 15:17:46.701 [SpringApplicationShutdownHook] DEBUG org.hibernate.SQL - 
    alter table if exists operations 
       drop constraint if exists FK6s2v80e9ppot2sb1bba5w6fx3
2026-01-13 15:17:46.702 [SpringApplicationShutdownHook] DEBUG org.hibernate.SQL - 
    alter table if exists users 
       drop constraint if exists FKp56c1712k691lhsyewcssf40f
2026-01-13 15:17:46.704 [SpringApplicationShutdownHook] DEBUG org.hibernate.SQL - 
    drop table if exists computation_cache cascade
2026-01-13 15:17:46.713 [SpringApplicationShutdownHook] DEBUG org.hibernate.SQL - 
    drop table if exists functions cascade
2026-01-13 15:17:46.718 [SpringApplicationShutdownHook] DEBUG org.hibernate.SQL - 
    drop table if exists operations cascade
2026-01-13 15:17:46.723 [SpringApplicationShutdownHook] DEBUG org.hibernate.SQL - 
    drop table if exists roles cascade
2026-01-13 15:17:46.727 [SpringApplicationShutdownHook] DEBUG org.hibernate.SQL - 
    drop table if exists users cascade
2026-01-13 15:17:46.734 [SpringApplicationShutdownHook] INFO  com.zaxxer.hikari.HikariDataSource - HikariPool-1 - Shutdown initiated...
2026-01-13 15:17:46.737 [SpringApplicationShutdownHook] INFO  com.zaxxer.hikari.HikariDataSource - HikariPool-1 - Shutdown completed.
